Workbook

Sheet REKAP PERFORMANCE
A1: ='[1]M268 REKAP'!$C$3 -> 2026 | B1: R
A4: 9 | D4: KREDIVO | J4: Grand Total | L4: HCI | P4: Grand Total | R4: INDODANA | V4: Grand Total | X4: AKULAKU | AB4: Grand Total | AD4: ShopeePay | AF4: Grand Total | AL4: BNPL target 50% to target store | AN4: 0.25 | AU4: 0.15 | AW4: 0.1
D5: =SUBTOTAL(9,D7:D37) -> 0 | E5: =SUBTOTAL(9,E7:E37) -> 0 | F5: =SUBTOTAL(9,F7:F37) -> 292115220 | G5: =SUBTOTAL(9,G7:G37) -> 16 | H5: =SUBTOTAL(9,H7:H37) -> 245211920 | I5: =SUBTOTAL(9,I7:I37) -> 16 | L5: =SUBTOTAL(9,L7:L37) -> 0 | N5: =SUBTOTAL(9,N7:N37) -> 0 | R5: =SUBTOTAL(9,R7:R37) -> 0 | T5: =SUBTOTAL(9,T7:T37) -> 0 | X5: =SUBTOTAL(9,X7:X37) -> 145077000 | Z5: =SUBTOTAL(9,Z7:Z37) -> 0 | AD5: =SUBTOTAL(9,AD7:AD37) -> 90757000 | AH5: =SUBTOTAL(9,AH7:AH37) -> 0 | AI5: =SUBTOTAL(9,AI7:AI37) -> 0 | AJ5: =SUBTOTAL(9,AJ7:AJ37) -> 0 | AL5: ='[1]M268 REKAP'!$D$6 -> 3250000000 | AM5: ='[1]M268 REKAP'!$AE$48 -> 2719799700 | AN5: KREDIVO | AQ5: HCI | AS5: INDODANA | AU5: AKULAKU | AW5: ShopeePay
A6: =DATE(A1,A4,1) -> 46266 | B6: Date | D6: M268 KRE | F6: Debby | H6: Apri | J6: Amount | K6: Qty | P6: Amount | Q6: Qty | V6: Amount | W6: Qty | X6: M268 AKL | AB6: Amount | AC6: Qty | AD6: M268 SPY | AF6: Amount | AG6: Qty | AL6: BNPL | AM6: ='[1]M268 REKAP'!$AD$49 -> BNPL | AN6: =D6 -> M268 KRE | AO6: =F6 -> Debby | AP6: =H6 -> Apri | AQ6: =L6 -> 0 | AR6: =N6 -> 0 | AS6: =R6 -> 0 | AT6: =T6 -> 0 | AU6: =X6 -> M268 AKL | AV6: =Z6 -> 0 | AW6: =AD6 -> M268 SPY
A7: =TEXT(B7,"[$-us]dddd") -> Selasa | B7: =DATE(A1,A4,1) -> 46266 | D7: =SUMIFS('R DATA BNPL'!$G:$G,'R DATA BNPL'!$E:$E,B7,'R DATA BNPL'!$F:$F,'REKAP PERFORMANCE'!$D$6) -> 0 | E7: =SUMIFS('R DATA BNPL'!$H:$H,'R DATA BNPL'!$E:$E,DAILY[[#This Row],[Date]],'R DATA BNPL'!$F:$F,'REKAP PERFORMANCE'!$D$6) -> 0 | F7: =SUMIFS('R DATA BNPL'!$G:$G,'R DATA BNPL'!$E:$E,B7,'R DATA BNPL'!$F:$F,'REKAP PERFORMANCE'!$F$6) -> 0 | G7: =SUMIFS('R DATA BNPL'!$H:$H,'R DATA BNPL'!$E:$E,DAILY[[#This Row],[Date]],'R DATA BNPL'!$F:$F,'REKAP PERFORMANCE'!$F$6) -> 0 | H7: =SUMIFS('R DATA BNPL'!$G:$G,'R DATA BNPL'!$E:$E,B7,'R DATA BNPL'!$F:$F,'REKAP PERFORMANCE'!$H$6) -> 15453000 | I7: =SUMIFS('R DATA BNPL'!$H:$H,'R DATA BNPL'!$E:$E,DAILY[[#This Row],[Date]],'R DATA BNPL'!$F:$F,'REKAP PERFORMANCE'!$H$6) -> 1 | J7: =D7+F7+H7 -> 15453000 | K7: =E7+G7+I7 -> 1 | L7: =SUMIFS('R DATA BNPL'!$G:$G,'R DATA BNPL'!$E:$E,B7,'R DATA BNPL'!$F:$F,'REKAP PERFORMANCE'!$L$6) -> 0 | M7: =SUMIFS('R DATA BNPL'!$H:$H,'R DATA BNPL'!$E:$E,DAILY[[#This Row],[Date]],'R DATA BNPL'!$F:$F,'REKAP PERFORMANCE'!$L$6) -> 0 | N7: =SUMIFS('R DATA BNPL'!$G:$G,'R DATA BNPL'!$E:$E,B7,'R DATA BNPL'!$F:$F,'REKAP PERFORMANCE'!$N$6) -> 0 | O7: =SUMIFS('R DATA BNPL'!$H:$H,'R DATA BNPL'!$E:$E,DAILY[[#This Row],[Date]],'R DATA BNPL'!$F:$F,'REKAP PERFORMANCE'!$N$6) -> 0 | P7: =L7+N7 -> 0 | Q7: =M7+O7 -> 0 | R7: =SUMIFS('R DATA BNPL'!$G:$G,'R DATA BNPL'!$E:$E,B7,'R DATA BNPL'!$F:$F,'REKAP PERFORMANCE'!$R$6) -> 0 | S7: =SUMIFS('R DATA BNPL'!$H:$H,'R DATA BNPL'!$E:$E,DAILY[[#This Row],[Date]],'R DATA BNPL'!$F:$F,'REKAP PERFORMANCE'!$R$6) -> 0 | T7: =SUMIFS('R DATA BNPL'!$G:$G,'R DATA BNPL'!$E:$E,B7,'R DATA BNPL'!$F:$F,'REKAP PERFORMANCE'!$T$6) -> 0 | U7: =SUMIFS('R DATA BNPL'!$H:$H,'R DATA BNPL'!$E:$E,DAILY[[#This Row],[Date]],'R DATA BNPL'!$F:$F,'REKAP PERFORMANCE'!$T$6) -> 0 | V7: =R7+T7 -> 0 | W7: =S7+U7 -> 0 | X7: =SUMIFS('R DATA BNPL'!$G:$G,'R DATA BNPL'!$E:$E,B7,'R DATA BNPL'!$F:$F,'REKAP PERFORMANCE'!$X$6) -> 0 | Y7: =SUMIFS('R DATA BNPL'!$H:$H,'R DATA BNPL'!$E:$E,DAILY[[#This Row],[Date]],'R DATA BNPL'!$F:$F,'REKAP PERFORMANCE'!$X$6) -> 0 | Z7: =SUMIFS('R DATA BNPL'!$G:$G,'R DATA BNPL'!$E:$E,B7,'R DATA BNPL'!$F:$F,'REKAP PERFORMANCE'!$Z$6) -> 0 | AA7: =SUMIFS('R DATA BNPL'!$H:$H,'R DATA BNPL'!$E:$E,DAILY[[#This Row],[Date]],'R DATA BNPL'!$F:$F,'REKAP PERFORMANCE'!$Z$6) -> 0 | AB7: =X7+Z7 -> 0 | AC7: =Y7+AA7 -> 0 | AD7: =SUMIFS('R DATA BNPL'!$G:$G,'R DATA BNPL'!$E:$E,B7,'R DATA BNPL'!$F:$F,'REKAP PERFORMANCE'!$AD$6) -> 0 | AE7: =SUMIFS('R DATA BNPL'!$H:$H,'R DATA BNPL'!$E:$E,DAILY[[#This Row],[Date]],'R DATA BNPL'!$F:$F,'REKAP PERFORMANCE'!$AD$6) -> 0 | AH7: =SUMIFS('R DATA BNPL'!$G:$G,'R DATA BNPL'!$E:$E,B7,'R DATA BNPL'!$F:$F,'REKAP PERFORMANCE'!$AH$6) -> 0 | AI7: =SUMIFS('R DATA BNPL'!$G:$G,'R DATA BNPL'!$E:$E,B7,'R DATA BNPL'!$F:$F,'REKAP PERFORMANCE'!$AI$6) -> 0 | AJ7: =SUMIFS('R DATA BNPL'!$G:$G,'R DATA BNPL'!$E:$E,B7,'R DATA BNPL'!$F:$F,'REKAP PERFORMANCE'!$AJ$6) -> 0 | AM7: Target Dari Store | AN7: =AL5*AN4 -> 812500000 | AQ7: =AL5*AQ4 -> 0 | AS7: =AL5*AS4 -> 0 | AU7: =AL5*AU4 -> 487500000 | AW7: =AL5*AW4 -> 325000000
A8: =TEXT(B8,"[$-us]dddd") -> Rabu | B8: =IF(MONTH(B7+1)=$A$4,B7+1) -> 46267 | D8: =SUMIFS('R DATA BNPL'!$G:$G,'R DATA BNPL'!$E:$E,B8,'R DATA BNPL'!$F:$F,'REKAP PERFORMANCE'!$D$6) -> 0 | E8: =SUMIFS('R DATA BNPL'!$H:$H,'R DATA BNPL'!$E:$E,DAILY[[#This Row],[Date]],'R DATA BNPL'!$F:$F,'REKAP PERFORMANCE'!$D$6) -> 0 | F8: =SUMIFS('R DATA BNPL'!$G:$G,'R DATA BNPL'!$E:$E,B8,'R DATA BNPL'!$F:$F,'REKAP PERFORMANCE'!$F$6) -> 19633309 | G8: =SUMIFS('R DATA BNPL'!$H:$H,'R DATA BNPL'!$E:$E,DAILY[[#This Row],[Date]],'R DATA BNPL'!$F:$F,'REKAP PERFORMANCE'!$F$6) -> 1 | H8: =SUMIFS('R DATA BNPL'!$G:$G,'R DATA BNPL'!$E:$E,B8,'R DATA BNPL'!$F:$F,'REKAP PERFORMANCE'!$H$6) -> 0 | I8: =SUMIFS('R DATA BNPL'!$H:$H,'R DATA BNPL'!$E:$E,DAILY[[#This Row],[Date]],'R DATA BNPL'!$F:$F,'REKAP PERFORMANCE'!$H$6) -> 0 | J8: =D8+F8+H8 -> 19633309 | K8: =E8+G8+I8 -> 1 | L8: =SUMIFS('R DATA BNPL'!$G:$G,'R DATA BNPL'!$E:$E,B8,'R DATA BNPL'!$F:$F,'REKAP PERFORMANCE'!$L$6) -> 0 | M8: =SUMIFS('R DATA BNPL'!$H:$H,'R DATA BNPL'!$E:$E,DAILY[[#This Row],[Date]],'R DATA BNPL'!$F:$F,'REKAP PERFORMANCE'!$L$6) -> 0 | N8: =SUMIFS('R DATA BNPL'!$G:$G,'R DATA BNPL'!$E:$E,B8,'R DATA BNPL'!$F:$F,'REKAP PERFORMANCE'!$N$6) -> 0 | O8: =SUMIFS('R DATA BNPL'!$H:$H,'R DATA BNPL'!$E:$E,DAILY[[#This Row],[Date]],'R DATA BNPL'!$F:$F,'REKAP PERFORMANCE'!$N$6) -> 0 | P8: =L8+N8 -> 0 | Q8: =M8+O8 -> 0 | R8: =SUMIFS('R DATA BNPL'!$G:$G,'R DATA BNPL'!$E:$E,B8,'R DATA BNPL'!$F:$F,'REKAP PERFORMANCE'!$R$6) -> 0 | S8: =SUMIFS('R DATA BNPL'!$H:$H,'R DATA BNPL'!$E:$E,DAILY[[#This Row],[Date]],'R DATA BNPL'!$F:$F,'REKAP PERFORMANCE'!$R$6) -> 0 | T8: =SUMIFS('R DATA BNPL'!$G:$G,'R DATA BNPL'!$E:$E,B8,'R DATA BNPL'!$F:$F,'REKAP PERFORMANCE'!$T$6) -> 0 | U8: =SUMIFS('R DATA BNPL'!$H:$H,'R DATA BNPL'!$E:$E,DAILY[[#This Row],[Date]],'R DATA BNPL'!$F:$F,'REKAP PERFORMANCE'!$T$6) -> 0 | V8: =R8+T8 -> 0 | W8: =S8+U8 -> 0 | X8: =SUMIFS('R DATA BNPL'!$G:$G,'R DATA BNPL'!$E:$E,B8,'R DATA BNPL'!$F:$F,'REKAP PERFORMANCE'!$X$6) -> 0 | Y8: =SUMIFS('R DATA BNPL'!$H:$H,'R DATA BNPL'!$E:$E,DAILY[[#This Row],[Date]],'R DATA BNPL'!$F:$F,'REKAP PERFORMANCE'!$X$6) -> 0 | Z8: =SUMIFS('R DATA BNPL'!$G:$G,'R DATA BNPL'!$E:$E,B8,'R DATA BNPL'!$F:$F,'REKAP PERFORMANCE'!$Z$6) -> 0 | AA8: =SUMIFS('R DATA BNPL'!$H:$H,'R DATA BNPL'!$E:$E,DAILY[[#This Row],[Date]],'R DATA BNPL'!$F:$F,'REKAP PERFORMANCE'!$Z$6) -> 0 | AB8: =X8+Z8 -> 0 | AC8: =Y8+AA8 -> 0 | AD8: =SUMIFS('R DATA BNPL'!$G:$G,'R DATA BNPL'!$E:$E,B8,'R DATA BNPL'!$F:$F,'REKAP PERFORMANCE'!$AD$6) -> 0 | AE8: =SUMIFS('R DATA BNPL'!$H:$H,'R DATA BNPL'!$E:$E,DAILY[[#This Row],[Date]],'R DATA BNPL'!$F:$F,'REKAP PERFORMANCE'!$AD$6) -> 0 | AH8: =SUMIFS('R DATA BNPL'!$G:$G,'R DATA BNPL'!$E:$E,B8,'R DATA BNPL'!$F:$F,'REKAP PERFORMANCE'!$AH$6) -> 0 | AI8: =SUMIFS('R DATA BNPL'!$G:$G,'R DATA BNPL'!$E:$E,B8,'R DATA BNPL'!$F:$F,'REKAP PERFORMANCE'!$AI$6) -> 0 | AJ8: =SUMIFS('R DATA BNPL'!$G:$G,'R DATA BNPL'!$E:$E,B8,'R DATA BNPL'!$F:$F,'REKAP PERFORMANCE'!$AJ$6) -> 0 | AM8: Target BNPL | AN8: =$AN$7*AN14 -> 0 | AO8: =$AN$7*AO14 -> 406250000 | AP8: =$AN$7*AP14 -> 406250000 | AQ8: =AQ7/2 -> 0 | AR8: =AQ7/2 -> 0 | AS8: =AS7/2 -> 0 | AT8: =AS7/2 -> 0 | AU8: =$AU$7*AU14 -> 487500000 | AV8: =$AU$7*AV14 -> 0 | AW8: =AW7*AW14 -> 325000000
A9: =TEXT(B9,"[$-us]dddd") -> Kamis | B9: =IF(MONTH(B8+1)=$A$4,B8+1) -> 46268 | D9: =SUMIFS('R DATA BNPL'!$G:$G,'R DATA BNPL'!$E:$E,B9,'R DATA BNPL'!$F:$F,'REKAP PERFORMANCE'!$D$6) -> 0 | E9: =SUMIFS('R DATA BNPL'!$H:$H,'R DATA BNPL'!$E:$E,DAILY[[#This Row],[Date]],'R DATA BNPL'!$F:$F,'REKAP PERFORMANCE'!$D$6) -> 0 | F9: =SUMIFS('R DATA BNPL'!$G:$G,'R DATA BNPL'!$E:$E,B9,'R DATA BNPL'!$F:$F,'REKAP PERFORMANCE'!$F$6) -> 17827381 | G9: =SUMIFS('R DATA BNPL'!$H:$H,'R DATA BNPL'!$E:$E,DAILY[[#This Row],[Date]],'R DATA BNPL'!$F:$F,'REKAP PERFORMANCE'!$F$6) -> 1 | H9: =SUMIFS('R DATA BNPL'!$G:$G,'R DATA BNPL'!$E:$E,B9,'R DATA BNPL'!$F:$F,'REKAP PERFORMANCE'!$H$6) -> 0 | I9: =SUMIFS('R DATA BNPL'!$H:$H,'R DATA BNPL'!$E:$E,DAILY[[#This Row],[Date]],'R DATA BNPL'!$F:$F,'REKAP PERFORMANCE'!$H$6) -> 0 | J9: =D9+F9+H9 -> 17827381 | K9: =E9+G9+I9 -> 1 | L9: =SUMIFS('R DATA BNPL'!$G:$G,'R DATA BNPL'!$E:$E,B9,'R DATA BNPL'!$F:$F,'REKAP PERFORMANCE'!$L$6) -> 0 | M9: =SUMIFS('R DATA BNPL'!$H:$H,'R DATA BNPL'!$E:$E,DAILY[[#This Row],[Date]],'R DATA BNPL'!$F:$F,'REKAP PERFORMANCE'!$L$6) -> 0 | N9: =SUMIFS('R DATA BNPL'!$G:$G,'R DATA BNPL'!$E:$E,B9,'R DATA BNPL'!$F:$F,'REKAP PERFORMANCE'!$N$6) -> 0 | O9: =SUMIFS('R DATA BNPL'!$H:$H,'R DATA BNPL'!$E:$E,DAILY[[#This Row],[Date]],'R DATA BNPL'!$F:$F,'REKAP PERFORMANCE'!$N$6) -> 0 | P9: =L9+N9 -> 0 | Q9: =M9+O9 -> 0 | R9: =SUMIFS('R DATA BNPL'!$G:$G,'R DATA BNPL'!$E:$E,B9,'R DATA BNPL'!$F:$F,'REKAP PERFORMANCE'!$R$6) -> 0 | S9: =SUMIFS('R DATA BNPL'!$H:$H,'R DATA BNPL'!$E:$E,DAILY[[#This Row],[Date]],'R DATA BNPL'!$F:$F,'REKAP PERFORMANCE'!$R$6) -> 0 | T9: =SUMIFS('R DATA BNPL'!$G:$G,'R DATA BNPL'!$E:$E,B9,'R DATA BNPL'!$F:$F,'REKAP PERFORMANCE'!$T$6) -> 0 | U9: =SUMIFS('R DATA BNPL'!$H:$H,'R DATA BNPL'!$E:$E,DAILY[[#This Row],[Date]],'R DATA BNPL'!$F:$F,'REKAP PERFORMANCE'!$T$6) -> 0 | V9: =R9+T9 -> 0 | W9: =S9+U9 -> 0 | X9: =SUMIFS('R DATA BNPL'!$G:$G,'R DATA BNPL'!$E:$E,B9,'R DATA BNPL'!$F:$F,'REKAP PERFORMANCE'!$X$6) -> 0 | Y9: =SUMIFS('R DATA BNPL'!$H:$H,'R DATA BNPL'!$E:$E,DAILY[[#This Row],[Date]],'R DATA BNPL'!$F:$F,'REKAP PERFORMANCE'!$X$6) -> 0 | Z9: =SUMIFS('R DATA BNPL'!$G:$G,'R DATA BNPL'!$E:$E,B9,'R DATA BNPL'!$F:$F,'REKAP PERFORMANCE'!$Z$6) -> 0 | AA9: =SUMIFS('R DATA BNPL'!$H:$H,'R DATA BNPL'!$E:$E,DAILY[[#This Row],[Date]],'R DATA BNPL'!$F:$F,'REKAP PERFORMANCE'!$Z$6) -> 0 | AB9: =X9+Z9 -> 0 | AC9: =Y9+AA9 -> 0 | AD9: =SUMIFS('R DATA BNPL'!$G:$G,'R DATA BNPL'!$E:$E,B9,'R DATA BNPL'!$F:$F,'REKAP PERFORMANCE'!$AD$6) -> 0 | AE9: =SUMIFS('R DATA BNPL'!$H:$H,'R DATA BNPL'!$E:$E,DAILY[[#This Row],[Date]],'R DATA BNPL'!$F:$F,'REKAP PERFORMANCE'!$AD$6) -> 0 | AH9: =SUMIFS('R DATA BNPL'!$G:$G,'R DATA BNPL'!$E:$E,B9,'R DATA BNPL'!$F:$F,'REKAP PERFORMANCE'!$AH$6) -> 0 | AI9: =SUMIFS('R DATA BNPL'!$G:$G,'R DATA BNPL'!$E:$E,B9,'R DATA BNPL'!$F:$F,'REKAP PERFORMANCE'!$AI$6) -> 0 | AJ9: =SUMIFS('R DATA BNPL'!$G:$G,'R DATA BNPL'!$E:$E,B9,'R DATA BNPL'!$F:$F,'REKAP PERFORMANCE'!$AJ$6) -> 0 | AM9: Achievement BNPL | AN9: =D5 -> 0 | AO9: =F5 -> 292115220 | AP9: =H5 -> 245211920 | AQ9: =L5 -> 0 | AR9: =N5 -> 0 | AS9: =R5 -> 0 | AT9: =T5 -> 0 | AU9: =X5 -> 145077000 | AV9: =Z5 -> 0 | AW9: =AD5 -> 90757000
A10: =TEXT(B10,"[$-us]dddd") -> Jumat | B10: =IF(MONTH(B9+1)=$A$4,B9+1) -> 46269 | D10: =SUMIFS('R DATA BNPL'!$G:$G,'R DATA BNPL'!$E:$E,B10,'R DATA BNPL'!$F:$F,'REKAP PERFORMANCE'!$D$6) -> 0 | E10: =SUMIFS('R DATA BNPL'!$H:$H,'R DATA BNPL'!$E:$E,DAILY[[#This Row],[Date]],'R DATA BNPL'!$F:$F,'REKAP PERFORMANCE'!$D$6) -> 0 | F10: =SUMIFS('R DATA BNPL'!$G:$G,'R DATA BNPL'!$E:$E,B10,'R DATA BNPL'!$F:$F,'REKAP PERFORMANCE'!$F$6) -> 0 | G10: =SUMIFS('R DATA BNPL'!$H:$H,'R DATA BNPL'!$E:$E,DAILY[[#This Row],[Date]],'R DATA BNPL'!$F:$F,'REKAP PERFORMANCE'!$F$6) -> 0 | H10: =SUMIFS('R DATA BNPL'!$G:$G,'R DATA BNPL'!$E:$E,B10,'R DATA BNPL'!$F:$F,'REKAP PERFORMANCE'!$H$6) -> 26544200 | I10: =SUMIFS('R DATA BNPL'!$H:$H,'R DATA BNPL'!$E:$E,DAILY[[#This Row],[Date]],'R DATA BNPL'!$F:$F,'REKAP PERFORMANCE'!$H$6) -> 2 | J10: =D10+F10+H10 -> 26544200 | K10: =E10+G10+I10 -> 2 | L10: =SUMIFS('R DATA BNPL'!$G:$G,'R DATA BNPL'!$E:$E,B10,'R DATA BNPL'!$F:$F,'REKAP PERFORMANCE'!$L$6) -> 0 | M10: =SUMIFS('R DATA BNPL'!$H:$H,'R DATA BNPL'!$E:$E,DAILY[[#This Row],[Date]],'R DATA BNPL'!$F:$F,'REKAP PERFORMANCE'!$L$6) -> 0 | N10: =SUMIFS('R DATA BNPL'!$G:$G,'R DATA BNPL'!$E:$E,B10,'R DATA BNPL'!$F:$F,'REKAP PERFORMANCE'!$N$6) -> 0 | O10: =SUMIFS('R DATA BNPL'!$H:$H,'R DATA BNPL'!$E:$E,DAILY[[#This Row],[Date]],'R DATA BNPL'!$F:$F,'REKAP PERFORMANCE'!$N$6) -> 0 | P10: =L10+N10 -> 0 | Q10: =M10+O10 -> 0 | R10: =SUMIFS('R DATA BNPL'!$G:$G,'R DATA BNPL'!$E:$E,B10,'R DATA BNPL'!$F:$F,'REKAP PERFORMANCE'!$R$6) -> 0 | S10: =SUMIFS('R DATA BNPL'!$H:$H,'R DATA BNPL'!$E:$E,DAILY[[#This Row],[Date]],'R DATA BNPL'!$F:$F,'REKAP PERFORMANCE'!$R$6) -> 0 | T10: =SUMIFS('R DATA BNPL'!$G:$G,'R DATA BNPL'!$E:$E,B10,'R DATA BNPL'!$F:$F,'REKAP PERFORMANCE'!$T$6) -> 0 | U10: =SUMIFS('R DATA BNPL'!$H:$H,'R DATA BNPL'!$E:$E,DAILY[[#This Row],[Date]],'R DATA BNPL'!$F:$F,'REKAP PERFORMANCE'!$T$6) -> 0 | V10: =R10+T10 -> 0 | W10: =S10+U10 -> 0 | X10: =SUMIFS('R DATA BNPL'!$G:$G,'R DATA BNPL'!$E:$E,B10,'R DATA BNPL'!$F:$F,'REKAP PERFORMANCE'!$X$6) -> 0 | Y10: =SUMIFS('R DATA BNPL'!$H:$H,'R DATA BNPL'!$E:$E,DAILY[[#This Row],[Date]],'R DATA BNPL'!$F:$F,'REKAP PERFORMANCE'!$X$6) -> 0 | Z10: =SUMIFS('R DATA BNPL'!$G:$G,'R DATA BNPL'!$E:$E,B10,'R DATA BNPL'!$F:$F,'REKAP PERFORMANCE'!$Z$6) -> 0 | AA10: =SUMIFS('R DATA BNPL'!$H:$H,'R DATA BNPL'!$E:$E,DAILY[[#This Row],[Date]],'R DATA BNPL'!$F:$F,'REKAP PERFORMANCE'!$Z$6) -> 0 | AB10: =X10+Z10 -> 0 | AC10: =Y10+AA10 -> 0 | AD10: =SUMIFS('R DATA BNPL'!$G:$G,'R DATA BNPL'!$E:$E,B10,'R DATA BNPL'!$F:$F,'REKAP PERFORMANCE'!$AD$6) -> 17999000 | AE10: =SUMIFS('R DATA BNPL'!$H:$H,'R DATA BNPL'!$E:$E,DAILY[[#This Row],[Date]],'R DATA BNPL'!$F:$F,'REKAP PERFORMANCE'!$AD$6) -> 1 | AH10: =SUMIFS('R DATA BNPL'!$G:$G,'R DATA BNPL'!$E:$E,B10,'R DATA BNPL'!$F:$F,'REKAP PERFORMANCE'!$AH$6) -> 0 | AI10: =SUMIFS('R DATA BNPL'!$G:$G,'R DATA BNPL'!$E:$E,B10,'R DATA BNPL'!$F:$F,'REKAP PERFORMANCE'!$AI$6) -> 0 | AJ10: =SUMIFS('R DATA BNPL'!$G:$G,'R DATA BNPL'!$E:$E,B10,'R DATA BNPL'!$F:$F,'REKAP PERFORMANCE'!$AJ$6) -> 0 | AM10: Selisih | AN10: =AN9-AN8 -> 0 | AO10: =AO9-AO8 -> -114134780 | AP10: =AP9-AP8 -> -161038080 | AQ10: =AQ9-AQ8 -> 0 | AR10: =AR9-AR8 -> 0 | AS10: =AS9-AS8 -> 0 | AT10: =AT9-AT8 -> 0 | AU10: =AU9-AU8 -> -342423000 | ... AW10: =AW9-AW8 -> -234243000
A11: =TEXT(B11,"[$-us]dddd") -> Sabtu | B11: =IF(MONTH(B10+1)=$A$4,B10+1) -> 46270 | D11: =SUMIFS('R DATA BNPL'!$G:$G,'R DATA BNPL'!$E:$E,B11,'R DATA BNPL'!$F:$F,'REKAP PERFORMANCE'!$D$6) -> 0 | E11: =SUMIFS('R DATA BNPL'!$H:$H,'R DATA BNPL'!$E:$E,DAILY[[#This Row],[Date]],'R DATA BNPL'!$F:$F,'REKAP PERFORMANCE'!$D$6) -> 0 | F11: =SUMIFS('R DATA BNPL'!$G:$G,'R DATA BNPL'!$E:$E,B11,'R DATA BNPL'!$F:$F,'REKAP PERFORMANCE'!$F$6) -> 36812480 | G11: =SUMIFS('R DATA BNPL'!$H:$H,'R DATA BNPL'!$E:$E,DAILY[[#This Row],[Date]],'R DATA BNPL'!$F:$F,'REKAP PERFORMANCE'!$F$6) -> 1 | H11: =SUMIFS('R DATA BNPL'!$G:$G,'R DATA BNPL'!$E:$E,B11,'R DATA BNPL'!$F:$F,'REKAP PERFORMANCE'!$H$6) -> 43860260 | I11: =SUMIFS('R DATA BNPL'!$H:$H,'R DATA BNPL'!$E:$E,DAILY[[#This Row],[Date]],'R DATA BNPL'!$F:$F,'REKAP PERFORMANCE'!$H$6) -> 2 | J11: =D11+F11+H11 -> 80672740 | K11: =E11+G11+I11 -> 3 | L11: =SUMIFS('R DATA BNPL'!$G:$G,'R DATA BNPL'!$E:$E,B11,'R DATA BNPL'!$F:$F,'REKAP PERFORMANCE'!$L$6) -> 0 | M11: =SUMIFS('R DATA BNPL'!$H:$H,'R DATA BNPL'!$E:$E,DAILY[[#This Row],[Date]],'R DATA BNPL'!$F:$F,'REKAP PERFORMANCE'!$L$6) -> 0 | N11: =SUMIFS('R DATA BNPL'!$G:$G,'R DATA BNPL'!$E:$E,B11,'R DATA BNPL'!$F:$F,'REKAP PERFORMANCE'!$N$6) -> 0 | O11: =SUMIFS('R DATA BNPL'!$H:$H,'R DATA BNPL'!$E:$E,DAILY[[#This Row],[Date]],'R DATA BNPL'!$F:$F,'REKAP PERFORMANCE'!$N$6) -> 0 | P11: =L11+N11 -> 0 | Q11: =M11+O11 -> 0 | R11: =SUMIFS('R DATA BNPL'!$G:$G,'R DATA BNPL'!$E:$E,B11,'R DATA BNPL'!$F:$F,'REKAP PERFORMANCE'!$R$6) -> 0 | S11: =SUMIFS('R DATA BNPL'!$H:$H,'R DATA BNPL'!$E:$E,DAILY[[#This Row],[Date]],'R DATA BNPL'!$F:$F,'REKAP PERFORMANCE'!$R$6) -> 0 | T11: =SUMIFS('R DATA BNPL'!$G:$G,'R DATA BNPL'!$E:$E,B11,'R DATA BNPL'!$F:$F,'REKAP PERFORMANCE'!$T$6) -> 0 | U11: =SUMIFS('R DATA BNPL'!$H:$H,'R DATA BNPL'!$E:$E,DAILY[[#This Row],[Date]],'R DATA BNPL'!$F:$F,'REKAP PERFORMANCE'!$T$6) -> 0 | V11: =R11+T11 -> 0 | W11: =S11+U11 -> 0 | X11: =SUMIFS('R DATA BNPL'!$G:$G,'R DATA BNPL'!$E:$E,B11,'R DATA BNPL'!$F:$F,'REKAP PERFORMANCE'!$X$6) -> 17208000 | Y11: =SUMIFS('R DATA BNPL'!$H:$H,'R DATA BNPL'!$E:$E,DAILY[[#This Row],[Date]],'R DATA BNPL'!$F:$F,'REKAP PERFORMANCE'!$X$6) -> 1 | Z11: =SUMIFS('R DATA BNPL'!$G:$G,'R DATA BNPL'!$E:$E,B11,'R DATA BNPL'!$F:$F,'REKAP PERFORMANCE'!$Z$6) -> 0 | AA11: =SUMIFS('R DATA BNPL'!$H:$H,'R DATA BNPL'!$E:$E,DAILY[[#This Row],[Date]],'R DATA BNPL'!$F:$F,'REKAP PERFORMANCE'!$Z$6) -> 0 | AB11: =X11+Z11 -> 17208000 | AC11: =Y11+AA11 -> 1 | AD11: =SUMIFS('R DATA BNPL'!$G:$G,'R DATA BNPL'!$E:$E,B11,'R DATA BNPL'!$F:$F,'REKAP PERFORMANCE'!$AD$6) -> 16749000 | AE11: =SUMIFS('R DATA BNPL'!$H:$H,'R DATA BNPL'!$E:$E,DAILY[[#This Row],[Date]],'R DATA BNPL'!$F:$F,'REKAP PERFORMANCE'!$AD$6) -> 1 | AH11: =SUMIFS('R DATA BNPL'!$G:$G,'R DATA BNPL'!$E:$E,B11,'R DATA BNPL'!$F:$F,'REKAP PERFORMANCE'!$AH$6) -> 0 | AI11: =SUMIFS('R DATA BNPL'!$G:$G,'R DATA BNPL'!$E:$E,B11,'R DATA BNPL'!$F:$F,'REKAP PERFORMANCE'!$AI$6) -> 0 | AJ11: =SUMIFS('R DATA BNPL'!$G:$G,'R DATA BNPL'!$E:$E,B11,'R DATA BNPL'!$F:$F,'REKAP PERFORMANCE'!$AJ$6) -> 0 | AM11: Hit% | AN11: =IFERROR(AN9/AN8,0) -> 0 | AO11: =IFERROR(AO9/AO8,0) -> 0.71905285 | AP11: =IFERROR(AP9/AP8,0) -> 0.60359857 | AQ11: =IFERROR(AQ9/AQ8,0) -> 0 | AR11: =IFERROR(AR9/AR8,0) -> 0 | AS11: =IFERROR(AS9/AS8,0) -> 0 | AT11: =IFERROR(AT9/AT8,0) -> 0 | AU11: =IFERROR(AU9/AU8,0) -> 0.29759385 | ... AW11: =IFERROR(AW9/AW8,0) -> 0.27925231
A12: =TEXT(B12,"[$-us]dddd") -> Minggu | B12: =IF(MONTH(B11+1)=$A$4,B11+1) -> 46271 | D12: =SUMIFS('R DATA BNPL'!$G:$G,'R DATA BNPL'!$E:$E,B12,'R DATA BNPL'!$F:$F,'REKAP PERFORMANCE'!$D$6) -> 0 | E12: =SUMIFS('R DATA BNPL'!$H:$H,'R DATA BNPL'!$E:$E,DAILY[[#This Row],[Date]],'R DATA BNPL'!$F:$F,'REKAP PERFORMANCE'!$D$6) -> 0 | F12: =SUMIFS('R DATA BNPL'!$G:$G,'R DATA BNPL'!$E:$E,B12,'R DATA BNPL'!$F:$F,'REKAP PERFORMANCE'!$F$6) -> 47851980 | G12: =SUMIFS('R DATA BNPL'!$H:$H,'R DATA BNPL'!$E:$E,DAILY[[#This Row],[Date]],'R DATA BNPL'!$F:$F,'REKAP PERFORMANCE'!$F$6) -> 3 | H12: =SUMIFS('R DATA BNPL'!$G:$G,'R DATA BNPL'!$E:$E,B12,'R DATA BNPL'!$F:$F,'REKAP PERFORMANCE'!$H$6) -> 0 | I12: =SUMIFS('R DATA BNPL'!$H:$H,'R DATA BNPL'!$E:$E,DAILY[[#This Row],[Date]],'R DATA BNPL'!$F:$F,'REKAP PERFORMANCE'!$H$6) -> 0 | J12: =D12+F12+H12 -> 47851980 | K12: =E12+G12+I12 -> 3 | L12: =SUMIFS('R DATA BNPL'!$G:$G,'R DATA BNPL'!$E:$E,B12,'R DATA BNPL'!$F:$F,'REKAP PERFORMANCE'!$L$6) -> 0 | M12: =SUMIFS('R DATA BNPL'!$H:$H,'R DATA BNPL'!$E:$E,DAILY[[#This Row],[Date]],'R DATA BNPL'!$F:$F,'REKAP PERFORMANCE'!$L$6) -> 0 | N12: =SUMIFS('R DATA BNPL'!$G:$G,'R DATA BNPL'!$E:$E,B12,'R DATA BNPL'!$F:$F,'REKAP PERFORMANCE'!$N$6) -> 0 | O12: =SUMIFS('R DATA BNPL'!$H:$H,'R DATA BNPL'!$E:$E,DAILY[[#This Row],[Date]],'R DATA BNPL'!$F:$F,'REKAP PERFORMANCE'!$N$6) -> 0 | P12: =L12+N12 -> 0 | Q12: =M12+O12 -> 0 | R12: =SUMIFS('R DATA BNPL'!$G:$G,'R DATA BNPL'!$E:$E,B12,'R DATA BNPL'!$F:$F,'REKAP PERFORMANCE'!$R$6) -> 0 | S12: =SUMIFS('R DATA BNPL'!$H:$H,'R DATA BNPL'!$E:$E,DAILY[[#This Row],[Date]],'R DATA BNPL'!$F:$F,'REKAP PERFORMANCE'!$R$6) -> 0 | T12: =SUMIFS('R DATA BNPL'!$G:$G,'R DATA BNPL'!$E:$E,B12,'R DATA BNPL'!$F:$F,'REKAP PERFORMANCE'!$T$6) -> 0 | U12: =SUMIFS('R DATA BNPL'!$H:$H,'R DATA BNPL'!$E:$E,DAILY[[#This Row],[Date]],'R DATA BNPL'!$F:$F,'REKAP PERFORMANCE'!$T$6) -> 0 | V12: =R12+T12 -> 0 | W12: =S12+U12 -> 0 | X12: =SUMIFS('R DATA BNPL'!$G:$G,'R DATA BNPL'!$E:$E,B12,'R DATA BNPL'!$F:$F,'REKAP PERFORMANCE'!$X$6) -> 13909000 | Y12: =SUMIFS('R DATA BNPL'!$H:$H,'R DATA BNPL'!$E:$E,DAILY[[#This Row],[Date]],'R DATA BNPL'!$F:$F,'REKAP PERFORMANCE'!$X$6) -> 1 | Z12: =SUMIFS('R DATA BNPL'!$G:$G,'R DATA BNPL'!$E:$E,B12,'R DATA BNPL'!$F:$F,'REKAP PERFORMANCE'!$Z$6) -> 0 | AA12: =SUMIFS('R DATA BNPL'!$H:$H,'R DATA BNPL'!$E:$E,DAILY[[#This Row],[Date]],'R DATA BNPL'!$F:$F,'REKAP PERFORMANCE'!$Z$6) -> 0 | AB12: =X12+Z12 -> 13909000 | AC12: =Y12+AA12 -> 1 | AD12: =SUMIFS('R DATA BNPL'!$G:$G,'R DATA BNPL'!$E:$E,B12,'R DATA BNPL'!$F:$F,'REKAP PERFORMANCE'!$AD$6) -> 0 | AE12: =SUMIFS('R DATA BNPL'!$H:$H,'R DATA BNPL'!$E:$E,DAILY[[#This Row],[Date]],'R DATA BNPL'!$F:$F,'REKAP PERFORMANCE'!$AD$6) -> 0 | AH12: =SUMIFS('R DATA BNPL'!$G:$G,'R DATA BNPL'!$E:$E,B12,'R DATA BNPL'!$F:$F,'REKAP PERFORMANCE'!$AH$6) -> 0 | AI12: =SUMIFS('R DATA BNPL'!$G:$G,'R DATA BNPL'!$E:$E,B12,'R DATA BNPL'!$F:$F,'REKAP PERFORMANCE'!$AI$6) -> 0 | AJ12: =SUMIFS('R DATA BNPL'!$G:$G,'R DATA BNPL'!$E:$E,B12,'R DATA BNPL'!$F:$F,'REKAP PERFORMANCE'!$AJ$6) -> 0 | AM12: Contribution To Store % | AN12: =IFERROR(AN13/AM5,0) -> 0.19756129 | AU12: =IFERROR(AU13/AM5,0) -> 0.05334106 | AW12: =IFERROR(AW13/AM5,0) -> 0.033369001
A13: =TEXT(B13,"[$-us]dddd") -> Senin | B13: =IF(MONTH(B12+1)=$A$4,B12+1) -> 46272 | D13: =SUMIFS('R DATA BNPL'!$G:$G,'R DATA BNPL'!$E:$E,B13,'R DATA BNPL'!$F:$F,'REKAP PERFORMANCE'!$D$6) -> 0 | E13: =SUMIFS('R DATA BNPL'!$H:$H,'R DATA BNPL'!$E:$E,DAILY[[#This Row],[Date]],'R DATA BNPL'!$F:$F,'REKAP PERFORMANCE'!$D$6) -> 0 | F13: =SUMIFS('R DATA BNPL'!$G:$G,'R DATA BNPL'!$E:$E,B13,'R DATA BNPL'!$F:$F,'REKAP PERFORMANCE'!$F$6) -> 11019100 | G13: =SUMIFS('R DATA BNPL'!$H:$H,'R DATA BNPL'!$E:$E,DAILY[[#This Row],[Date]],'R DATA BNPL'!$F:$F,'REKAP PERFORMANCE'!$F$6) -> 2 | H13: =SUMIFS('R DATA BNPL'!$G:$G,'R DATA BNPL'!$E:$E,B13,'R DATA BNPL'!$F:$F,'REKAP PERFORMANCE'!$H$6) -> 0 | I13: =SUMIFS('R DATA BNPL'!$H:$H,'R DATA BNPL'!$E:$E,DAILY[[#This Row],[Date]],'R DATA BNPL'!$F:$F,'REKAP PERFORMANCE'!$H$6) -> 0 | J13: =D13+F13+H13 -> 11019100 | K13: =E13+G13+I13 -> 2 | L13: =SUMIFS('R DATA BNPL'!$G:$G,'R DATA BNPL'!$E:$E,B13,'R DATA BNPL'!$F:$F,'REKAP PERFORMANCE'!$L$6) -> 0 | M13: =SUMIFS('R DATA BNPL'!$H:$H,'R DATA BNPL'!$E:$E,DAILY[[#This Row],[Date]],'R DATA BNPL'!$F:$F,'REKAP PERFORMANCE'!$L$6) -> 0 | N13: =SUMIFS('R DATA BNPL'!$G:$G,'R DATA BNPL'!$E:$E,B13,'R DATA BNPL'!$F:$F,'REKAP PERFORMANCE'!$N$6) -> 0 | O13: =SUMIFS('R DATA BNPL'!$H:$H,'R DATA BNPL'!$E:$E,DAILY[[#This Row],[Date]],'R DATA BNPL'!$F:$F,'REKAP PERFORMANCE'!$N$6) -> 0 | P13: =L13+N13 -> 0 | Q13: =M13+O13 -> 0 | R13: =SUMIFS('R DATA BNPL'!$G:$G,'R DATA BNPL'!$E:$E,B13,'R DATA BNPL'!$F:$F,'REKAP PERFORMANCE'!$R$6) -> 0 | S13: =SUMIFS('R DATA BNPL'!$H:$H,'R DATA BNPL'!$E:$E,DAILY[[#This Row],[Date]],'R DATA BNPL'!$F:$F,'REKAP PERFORMANCE'!$R$6) -> 0 | T13: =SUMIFS('R DATA BNPL'!$G:$G,'R DATA BNPL'!$E:$E,B13,'R DATA BNPL'!$F:$F,'REKAP PERFORMANCE'!$T$6) -> 0 | U13: =SUMIFS('R DATA BNPL'!$H:$H,'R DATA BNPL'!$E:$E,DAILY[[#This Row],[Date]],'R DATA BNPL'!$F:$F,'REKAP PERFORMANCE'!$T$6) -> 0 | V13: =R13+T13 -> 0 | W13: =S13+U13 -> 0 | X13: =SUMIFS('R DATA BNPL'!$G:$G,'R DATA BNPL'!$E:$E,B13,'R DATA BNPL'!$F:$F,'REKAP PERFORMANCE'!$X$6) -> 0 | Y13: =SUMIFS('R DATA BNPL'!$H:$H,'R DATA BNPL'!$E:$E,DAILY[[#This Row],[Date]],'R DATA BNPL'!$F:$F,'REKAP PERFORMANCE'!$X$6) -> 0 | Z13: =SUMIFS('R DATA BNPL'!$G:$G,'R DATA BNPL'!$E:$E,B13,'R DATA BNPL'!$F:$F,'REKAP PERFORMANCE'!$Z$6) -> 0 | AA13: =SUMIFS('R DATA BNPL'!$H:$H,'R DATA BNPL'!$E:$E,DAILY[[#This Row],[Date]],'R DATA BNPL'!$F:$F,'REKAP PERFORMANCE'!$Z$6) -> 0 | AB13: =X13+Z13 -> 0 | AC13: =Y13+AA13 -> 0 | AD13: =SUMIFS('R DATA BNPL'!$G:$G,'R DATA BNPL'!$E:$E,B13,'R DATA BNPL'!$F:$F,'REKAP PERFORMANCE'!$AD$6) -> 18163000 | AE13: =SUMIFS('R DATA BNPL'!$H:$H,'R DATA BNPL'!$E:$E,DAILY[[#This Row],[Date]],'R DATA BNPL'!$F:$F,'REKAP PERFORMANCE'!$AD$6) -> 2 | AH13: =SUMIFS('R DATA BNPL'!$G:$G,'R DATA BNPL'!$E:$E,B13,'R DATA BNPL'!$F:$F,'REKAP PERFORMANCE'!$AH$6) -> 0 | AI13: =SUMIFS('R DATA BNPL'!$G:$G,'R DATA BNPL'!$E:$E,B13,'R DATA BNPL'!$F:$F,'REKAP PERFORMANCE'!$AI$6) -> 0 | AJ13: =SUMIFS('R DATA BNPL'!$G:$G,'R DATA BNPL'!$E:$E,B13,'R DATA BNPL'!$F:$F,'REKAP PERFORMANCE'!$AJ$6) -> 0 | AM13: Total Pencapaian | AN13: =SUM(AN9:AP9) -> 537327140 | AQ13: =AQ9+AR9 -> 0 | AS13: =AS9+AT9 -> 0 | AU13: =SUM(AU9:AV9) -> 145077000 | AW13: =AW9 -> 90757000
A14: =TEXT(B14,"[$-us]dddd") -> Selasa | B14: =IF(MONTH(B13+1)=$A$4,B13+1) -> 46273 | D14: =SUMIFS('R DATA BNPL'!$G:$G,'R DATA BNPL'!$E:$E,B14,'R DATA BNPL'!$F:$F,'REKAP PERFORMANCE'!$D$6) -> 0 | E14: =SUMIFS('R DATA BNPL'!$H:$H,'R DATA BNPL'!$E:$E,DAILY[[#This Row],[Date]],'R DATA BNPL'!$F:$F,'REKAP PERFORMANCE'!$D$6) -> 0 | F14: =SUMIFS('R DATA BNPL'!$G:$G,'R DATA BNPL'!$E:$E,B14,'R DATA BNPL'!$F:$F,'REKAP PERFORMANCE'!$F$6) -> 0 | G14: =SUMIFS('R DATA BNPL'!$H:$H,'R DATA BNPL'!$E:$E,DAILY[[#This Row],[Date]],'R DATA BNPL'!$F:$F,'REKAP PERFORMANCE'!$F$6) -> 0 | H14: =SUMIFS('R DATA BNPL'!$G:$G,'R DATA BNPL'!$E:$E,B14,'R DATA BNPL'!$F:$F,'REKAP PERFORMANCE'!$H$6) -> 12524000 | I14: =SUMIFS('R DATA BNPL'!$H:$H,'R DATA BNPL'!$E:$E,DAILY[[#This Row],[Date]],'R DATA BNPL'!$F:$F,'REKAP PERFORMANCE'!$H$6) -> 1 | J14: =D14+F14+H14 -> 12524000 | K14: =E14+G14+I14 -> 1 | L14: =SUMIFS('R DATA BNPL'!$G:$G,'R DATA BNPL'!$E:$E,B14,'R DATA BNPL'!$F:$F,'REKAP PERFORMANCE'!$L$6) -> 0 | M14: =SUMIFS('R DATA BNPL'!$H:$H,'R DATA BNPL'!$E:$E,DAILY[[#This Row],[Date]],'R DATA BNPL'!$F:$F,'REKAP PERFORMANCE'!$L$6) -> 0 | N14: =SUMIFS('R DATA BNPL'!$G:$G,'R DATA BNPL'!$E:$E,B14,'R DATA BNPL'!$F:$F,'REKAP PERFORMANCE'!$N$6) -> 0 | O14: =SUMIFS('R DATA BNPL'!$H:$H,'R DATA BNPL'!$E:$E,DAILY[[#This Row],[Date]],'R DATA BNPL'!$F:$F,'REKAP PERFORMANCE'!$N$6) -> 0 | P14: =L14+N14 -> 0 | Q14: =M14+O14 -> 0 | R14: =SUMIFS('R DATA BNPL'!$G:$G,'R DATA BNPL'!$E:$E,B14,'R DATA BNPL'!$F:$F,'REKAP PERFORMANCE'!$R$6) -> 0 | S14: =SUMIFS('R DATA BNPL'!$H:$H,'R DATA BNPL'!$E:$E,DAILY[[#This Row],[Date]],'R DATA BNPL'!$F:$F,'REKAP PERFORMANCE'!$R$6) -> 0 | T14: =SUMIFS('R DATA BNPL'!$G:$G,'R DATA BNPL'!$E:$E,B14,'R DATA BNPL'!$F:$F,'REKAP PERFORMANCE'!$T$6) -> 0 | U14: =SUMIFS('R DATA BNPL'!$H:$H,'R DATA BNPL'!$E:$E,DAILY[[#This Row],[Date]],'R DATA BNPL'!$F:$F,'REKAP PERFORMANCE'!$T$6) -> 0 | V14: =R14+T14 -> 0 | W14: =S14+U14 -> 0 | X14: =SUMIFS('R DATA BNPL'!$G:$G,'R DATA BNPL'!$E:$E,B14,'R DATA BNPL'!$F:$F,'REKAP PERFORMANCE'!$X$6) -> 14009000 | Y14: =SUMIFS('R DATA BNPL'!$H:$H,'R DATA BNPL'!$E:$E,DAILY[[#This Row],[Date]],'R DATA BNPL'!$F:$F,'REKAP PERFORMANCE'!$X$6) -> 1 | Z14: =SUMIFS('R DATA BNPL'!$G:$G,'R DATA BNPL'!$E:$E,B14,'R DATA BNPL'!$F:$F,'REKAP PERFORMANCE'!$Z$6) -> 0 | AA14: =SUMIFS('R DATA BNPL'!$H:$H,'R DATA BNPL'!$E:$E,DAILY[[#This Row],[Date]],'R DATA BNPL'!$F:$F,'REKAP PERFORMANCE'!$Z$6) -> 0 | AB14: =X14+Z14 -> 14009000 | AC14: =Y14+AA14 -> 1 | AD14: =SUMIFS('R DATA BNPL'!$G:$G,'R DATA BNPL'!$E:$E,B14,'R DATA BNPL'!$F:$F,'REKAP PERFORMANCE'!$AD$6) -> 7299000 | AE14: =SUMIFS('R DATA BNPL'!$H:$H,'R DATA BNPL'!$E:$E,DAILY[[#This Row],[Date]],'R DATA BNPL'!$F:$F,'REKAP PERFORMANCE'!$AD$6) -> 1 | AH14: =SUMIFS('R DATA BNPL'!$G:$G,'R DATA BNPL'!$E:$E,B14,'R DATA BNPL'!$F:$F,'REKAP PERFORMANCE'!$AH$6) -> 0 | AI14: =SUMIFS('R DATA BNPL'!$G:$G,'R DATA BNPL'!$E:$E,B14,'R DATA BNPL'!$F:$F,'REKAP PERFORMANCE'!$AI$6) -> 0 | AJ14: =SUMIFS('R DATA BNPL'!$G:$G,'R DATA BNPL'!$E:$E,B14,'R DATA BNPL'!$F:$F,'REKAP PERFORMANCE'!$AJ$6) -> 0 | AM14: Persen To Target | AN14: 0 | AO14: 0.5 | AP14: 0.5 | AU14: 1 | AW14: 1
A15: =TEXT(B15,"[$-us]dddd") -> Rabu | B15: =IF(MONTH(B14+1)=$A$4,B14+1) -> 46274 | D15: =SUMIFS('R DATA BNPL'!$G:$G,'R DATA BNPL'!$E:$E,B15,'R DATA BNPL'!$F:$F,'REKAP PERFORMANCE'!$D$6) -> 0 | E15: =SUMIFS('R DATA BNPL'!$H:$H,'R DATA BNPL'!$E:$E,DAILY[[#This Row],[Date]],'R DATA BNPL'!$F:$F,'REKAP PERFORMANCE'!$D$6) -> 0 | F15: =SUMIFS('R DATA BNPL'!$G:$G,'R DATA BNPL'!$E:$E,B15,'R DATA BNPL'!$F:$F,'REKAP PERFORMANCE'!$F$6) -> 0 | G15: =SUMIFS('R DATA BNPL'!$H:$H,'R DATA BNPL'!$E:$E,DAILY[[#This Row],[Date]],'R DATA BNPL'!$F:$F,'REKAP PERFORMANCE'!$F$6) -> 0 | H15: =SUMIFS('R DATA BNPL'!$G:$G,'R DATA BNPL'!$E:$E,B15,'R DATA BNPL'!$F:$F,'REKAP PERFORMANCE'!$H$6) -> 0 | I15: =SUMIFS('R DATA BNPL'!$H:$H,'R DATA BNPL'!$E:$E,DAILY[[#This Row],[Date]],'R DATA BNPL'!$F:$F,'REKAP PERFORMANCE'!$H$6) -> 0 | J15: =D15+F15+H15 -> 0 | K15: =E15+G15+I15 -> 0 | L15: =SUMIFS('R DATA BNPL'!$G:$G,'R DATA BNPL'!$E:$E,B15,'R DATA BNPL'!$F:$F,'REKAP PERFORMANCE'!$L$6) -> 0 | M15: =SUMIFS('R DATA BNPL'!$H:$H,'R DATA BNPL'!$E:$E,DAILY[[#This Row],[Date]],'R DATA BNPL'!$F:$F,'REKAP PERFORMANCE'!$L$6) -> 0 | N15: =SUMIFS('R DATA BNPL'!$G:$G,'R DATA BNPL'!$E:$E,B15,'R DATA BNPL'!$F:$F,'REKAP PERFORMANCE'!$N$6) -> 0 | O15: =SUMIFS('R DATA BNPL'!$H:$H,'R DATA BNPL'!$E:$E,DAILY[[#This Row],[Date]],'R DATA BNPL'!$F:$F,'REKAP PERFORMANCE'!$N$6) -> 0 | P15: =L15+N15 -> 0 | Q15: =M15+O15 -> 0 | R15: =SUMIFS('R DATA BNPL'!$G:$G,'R DATA BNPL'!$E:$E,B15,'R DATA BNPL'!$F:$F,'REKAP PERFORMANCE'!$R$6) -> 0 | S15: =SUMIFS('R DATA BNPL'!$H:$H,'R DATA BNPL'!$E:$E,DAILY[[#This Row],[Date]],'R DATA BNPL'!$F:$F,'REKAP PERFORMANCE'!$R$6) -> 0 | T15: =SUMIFS('R DATA BNPL'!$G:$G,'R DATA BNPL'!$E:$E,B15,'R DATA BNPL'!$F:$F,'REKAP PERFORMANCE'!$T$6) -> 0 | U15: =SUMIFS('R DATA BNPL'!$H:$H,'R DATA BNPL'!$E:$E,DAILY[[#This Row],[Date]],'R DATA BNPL'!$F:$F,'REKAP PERFORMANCE'!$T$6) -> 0 | V15: =R15+T15 -> 0 | W15: =S15+U15 -> 0 | X15: =SUMIFS('R DATA BNPL'!$G:$G,'R DATA BNPL'!$E:$E,B15,'R DATA BNPL'!$F:$F,'REKAP PERFORMANCE'!$X$6) -> 0 | Y15: =SUMIFS('R DATA BNPL'!$H:$H,'R DATA BNPL'!$E:$E,DAILY[[#This Row],[Date]],'R DATA BNPL'!$F:$F,'REKAP PERFORMANCE'!$X$6) -> 0 | Z15: =SUMIFS('R DATA BNPL'!$G:$G,'R DATA BNPL'!$E:$E,B15,'R DATA BNPL'!$F:$F,'REKAP PERFORMANCE'!$Z$6) -> 0 | AA15: =SUMIFS('R DATA BNPL'!$H:$H,'R DATA BNPL'!$E:$E,DAILY[[#This Row],[Date]],'R DATA BNPL'!$F:$F,'REKAP PERFORMANCE'!$Z$6) -> 0 | AB15: =X15+Z15 -> 0 | AC15: =Y15+AA15 -> 0 | AD15: =SUMIFS('R DATA BNPL'!$G:$G,'R DATA BNPL'!$E:$E,B15,'R DATA BNPL'!$F:$F,'REKAP PERFORMANCE'!$AD$6) -> 17150000 | AE15: =SUMIFS('R DATA BNPL'!$H:$H,'R DATA BNPL'!$E:$E,DAILY[[#This Row],[Date]],'R DATA BNPL'!$F:$F,'REKAP PERFORMANCE'!$AD$6) -> 1 | AH15: =SUMIFS('R DATA BNPL'!$G:$G,'R DATA BNPL'!$E:$E,B15,'R DATA BNPL'!$F:$F,'REKAP PERFORMANCE'!$AH$6) -> 0 | AI15: =SUMIFS('R DATA BNPL'!$G:$G,'R DATA BNPL'!$E:$E,B15,'R DATA BNPL'!$F:$F,'REKAP PERFORMANCE'!$AI$6) -> 0 | AJ15: =SUMIFS('R DATA BNPL'!$G:$G,'R DATA BNPL'!$E:$E,B15,'R DATA BNPL'!$F:$F,'REKAP PERFORMANCE'!$AJ$6) -> 0 | AM15: =IFERROR(AN15/AM5,0) -> 0.28427135 | AN15: =SUM(AN13:AW13) -> 773161140
A16: =TEXT(B16,"[$-us]dddd") -> Kamis | B16: =IF(MONTH(B15+1)=$A$4,B15+1) -> 46275 | D16: =SUMIFS('R DATA BNPL'!$G:$G,'R DATA BNPL'!$E:$E,B16,'R DATA BNPL'!$F:$F,'REKAP PERFORMANCE'!$D$6) -> 0 | E16: =SUMIFS('R DATA BNPL'!$H:$H,'R DATA BNPL'!$E:$E,DAILY[[#This Row],[Date]],'R DATA BNPL'!$F:$F,'REKAP PERFORMANCE'!$D$6) -> 0 | F16: =SUMIFS('R DATA BNPL'!$G:$G,'R DATA BNPL'!$E:$E,B16,'R DATA BNPL'!$F:$F,'REKAP PERFORMANCE'!$F$6) -> 14544000 | G16: =SUMIFS('R DATA BNPL'!$H:$H,'R DATA BNPL'!$E:$E,DAILY[[#This Row],[Date]],'R DATA BNPL'!$F:$F,'REKAP PERFORMANCE'!$F$6) -> 1 | H16: =SUMIFS('R DATA BNPL'!$G:$G,'R DATA BNPL'!$E:$E,B16,'R DATA BNPL'!$F:$F,'REKAP PERFORMANCE'!$H$6) -> 0 | I16: =SUMIFS('R DATA BNPL'!$H:$H,'R DATA BNPL'!$E:$E,DAILY[[#This Row],[Date]],'R DATA BNPL'!$F:$F,'REKAP PERFORMANCE'!$H$6) -> 0 | J16: =D16+F16+H16 -> 14544000 | K16: =E16+G16+I16 -> 1 | L16: =SUMIFS('R DATA BNPL'!$G:$G,'R DATA BNPL'!$E:$E,B16,'R DATA BNPL'!$F:$F,'REKAP PERFORMANCE'!$L$6) -> 0 | M16: =SUMIFS('R DATA BNPL'!$H:$H,'R DATA BNPL'!$E:$E,DAILY[[#This Row],[Date]],'R DATA BNPL'!$F:$F,'REKAP PERFORMANCE'!$L$6) -> 0 | N16: =SUMIFS('R DATA BNPL'!$G:$G,'R DATA BNPL'!$E:$E,B16,'R DATA BNPL'!$F:$F,'REKAP PERFORMANCE'!$N$6) -> 0 | O16: =SUMIFS('R DATA BNPL'!$H:$H,'R DATA BNPL'!$E:$E,DAILY[[#This Row],[Date]],'R DATA BNPL'!$F:$F,'REKAP PERFORMANCE'!$N$6) -> 0 | P16: =L16+N16 -> 0 | Q16: =M16+O16 -> 0 | R16: =SUMIFS('R DATA BNPL'!$G:$G,'R DATA BNPL'!$E:$E,B16,'R DATA BNPL'!$F:$F,'REKAP PERFORMANCE'!$R$6) -> 0 | S16: =SUMIFS('R DATA BNPL'!$H:$H,'R DATA BNPL'!$E:$E,DAILY[[#This Row],[Date]],'R DATA BNPL'!$F:$F,'REKAP PERFORMANCE'!$R$6) -> 0 | T16: =SUMIFS('R DATA BNPL'!$G:$G,'R DATA BNPL'!$E:$E,B16,'R DATA BNPL'!$F:$F,'REKAP PERFORMANCE'!$T$6) -> 0 | U16: =SUMIFS('R DATA BNPL'!$H:$H,'R DATA BNPL'!$E:$E,DAILY[[#This Row],[Date]],'R DATA BNPL'!$F:$F,'REKAP PERFORMANCE'!$T$6) -> 0 | V16: =R16+T16 -> 0 | W16: =S16+U16 -> 0 | X16: =SUMIFS('R DATA BNPL'!$G:$G,'R DATA BNPL'!$E:$E,B16,'R DATA BNPL'!$F:$F,'REKAP PERFORMANCE'!$X$6) -> 0 | Y16: =SUMIFS('R DATA BNPL'!$H:$H,'R DATA BNPL'!$E:$E,DAILY[[#This Row],[Date]],'R DATA BNPL'!$F:$F,'REKAP PERFORMANCE'!$X$6) -> 0 | Z16: =SUMIFS('R DATA BNPL'!$G:$G,'R DATA BNPL'!$E:$E,B16,'R DATA BNPL'!$F:$F,'REKAP PERFORMANCE'!$Z$6) -> 0 | AA16: =SUMIFS('R DATA BNPL'!$H:$H,'R DATA BNPL'!$E:$E,DAILY[[#This Row],[Date]],'R DATA BNPL'!$F:$F,'REKAP PERFORMANCE'!$Z$6) -> 0 | AB16: =X16+Z16 -> 0 | AC16: =Y16+AA16 -> 0 | AD16: =SUMIFS('R DATA BNPL'!$G:$G,'R DATA BNPL'!$E:$E,B16,'R DATA BNPL'!$F:$F,'REKAP PERFORMANCE'!$AD$6) -> 13397000 | AE16: =SUMIFS('R DATA BNPL'!$H:$H,'R DATA BNPL'!$E:$E,DAILY[[#This Row],[Date]],'R DATA BNPL'!$F:$F,'REKAP PERFORMANCE'!$AD$6) -> 1 | AH16: =SUMIFS('R DATA BNPL'!$G:$G,'R DATA BNPL'!$E:$E,B16,'R DATA BNPL'!$F:$F,'REKAP PERFORMANCE'!$AH$6) -> 0 | AI16: =SUMIFS('R DATA BNPL'!$G:$G,'R DATA BNPL'!$E:$E,B16,'R DATA BNPL'!$F:$F,'REKAP PERFORMANCE'!$AI$6) -> 0 | AJ16: =SUMIFS('R DATA BNPL'!$G:$G,'R DATA BNPL'!$E:$E,B16,'R DATA BNPL'!$F:$F,'REKAP PERFORMANCE'!$AJ$6) -> 0
A17: =TEXT(B17,"[$-us]dddd") -> Jumat | B17: =IF(MONTH(B16+1)=$A$4,B16+1) -> 46276 | D17: =SUMIFS('R DATA BNPL'!$G:$G,'R DATA BNPL'!$E:$E,B17,'R DATA BNPL'!$F:$F,'REKAP PERFORMANCE'!$D$6) -> 0 | E17: =SUMIFS('R DATA BNPL'!$H:$H,'R DATA BNPL'!$E:$E,DAILY[[#This Row],[Date]],'R DATA BNPL'!$F:$F,'REKAP PERFORMANCE'!$D$6) -> 0 | F17: =SUMIFS('R DATA BNPL'!$G:$G,'R DATA BNPL'!$E:$E,B17,'R DATA BNPL'!$F:$F,'REKAP PERFORMANCE'!$F$6) -> 0 | G17: =SUMIFS('R DATA BNPL'!$H:$H,'R DATA BNPL'!$E:$E,DAILY[[#This Row],[Date]],'R DATA BNPL'!$F:$F,'REKAP PERFORMANCE'!$F$6) -> 0 | H17: =SUMIFS('R DATA BNPL'!$G:$G,'R DATA BNPL'!$E:$E,B17,'R DATA BNPL'!$F:$F,'REKAP PERFORMANCE'!$H$6) -> 11817000 | I17: =SUMIFS('R DATA BNPL'!$H:$H,'R DATA BNPL'!$E:$E,DAILY[[#This Row],[Date]],'R DATA BNPL'!$F:$F,'REKAP PERFORMANCE'!$H$6) -> 1 | J17: =D17+F17+H17 -> 11817000 | K17: =E17+G17+I17 -> 1 | L17: =SUMIFS('R DATA BNPL'!$G:$G,'R DATA BNPL'!$E:$E,B17,'R DATA BNPL'!$F:$F,'REKAP PERFORMANCE'!$L$6) -> 0 | M17: =SUMIFS('R DATA BNPL'!$H:$H,'R DATA BNPL'!$E:$E,DAILY[[#This Row],[Date]],'R DATA BNPL'!$F:$F,'REKAP PERFORMANCE'!$L$6) -> 0 | N17: =SUMIFS('R DATA BNPL'!$G:$G,'R DATA BNPL'!$E:$E,B17,'R DATA BNPL'!$F:$F,'REKAP PERFORMANCE'!$N$6) -> 0 | O17: =SUMIFS('R DATA BNPL'!$H:$H,'R DATA BNPL'!$E:$E,DAILY[[#This Row],[Date]],'R DATA BNPL'!$F:$F,'REKAP PERFORMANCE'!$N$6) -> 0 | P17: =L17+N17 -> 0 | Q17: =M17+O17 -> 0 | R17: =SUMIFS('R DATA BNPL'!$G:$G,'R DATA BNPL'!$E:$E,B17,'R DATA BNPL'!$F:$F,'REKAP PERFORMANCE'!$R$6) -> 0 | S17: =SUMIFS('R DATA BNPL'!$H:$H,'R DATA BNPL'!$E:$E,DAILY[[#This Row],[Date]],'R DATA BNPL'!$F:$F,'REKAP PERFORMANCE'!$R$6) -> 0 | T17: =SUMIFS('R DATA BNPL'!$G:$G,'R DATA BNPL'!$E:$E,B17,'R DATA BNPL'!$F:$F,'REKAP PERFORMANCE'!$T$6) -> 0 | U17: =SUMIFS('R DATA BNPL'!$H:$H,'R DATA BNPL'!$E:$E,DAILY[[#This Row],[Date]],'R DATA BNPL'!$F:$F,'REKAP PERFORMANCE'!$T$6) -> 0 | V17: =R17+T17 -> 0 | W17: =S17+U17 -> 0 | X17: =SUMIFS('R DATA BNPL'!$G:$G,'R DATA BNPL'!$E:$E,B17,'R DATA BNPL'!$F:$F,'REKAP PERFORMANCE'!$X$6) -> 0 | Y17: =SUMIFS('R DATA BNPL'!$H:$H,'R DATA BNPL'!$E:$E,DAILY[[#This Row],[Date]],'R DATA BNPL'!$F:$F,'REKAP PERFORMANCE'!$X$6) -> 0 | Z17: =SUMIFS('R DATA BNPL'!$G:$G,'R DATA BNPL'!$E:$E,B17,'R DATA BNPL'!$F:$F,'REKAP PERFORMANCE'!$Z$6) -> 0 | AA17: =SUMIFS('R DATA BNPL'!$H:$H,'R DATA BNPL'!$E:$E,DAILY[[#This Row],[Date]],'R DATA BNPL'!$F:$F,'REKAP PERFORMANCE'!$Z$6) -> 0 | AB17: =X17+Z17 -> 0 | AC17: =Y17+AA17 -> 0 | AD17: =SUMIFS('R DATA BNPL'!$G:$G,'R DATA BNPL'!$E:$E,B17,'R DATA BNPL'!$F:$F,'REKAP PERFORMANCE'!$AD$6) -> 0 | AE17: =SUMIFS('R DATA BNPL'!$H:$H,'R DATA BNPL'!$E:$E,DAILY[[#This Row],[Date]],'R DATA BNPL'!$F:$F,'REKAP PERFORMANCE'!$AD$6) -> 0 | AH17: =SUMIFS('R DATA BNPL'!$G:$G,'R DATA BNPL'!$E:$E,B17,'R DATA BNPL'!$F:$F,'REKAP PERFORMANCE'!$AH$6) -> 0 | AI17: =SUMIFS('R DATA BNPL'!$G:$G,'R DATA BNPL'!$E:$E,B17,'R DATA BNPL'!$F:$F,'REKAP PERFORMANCE'!$AI$6) -> 0 | AJ17: =SUMIFS('R DATA BNPL'!$G:$G,'R DATA BNPL'!$E:$E,B17,'R DATA BNPL'!$F:$F,'REKAP PERFORMANCE'!$AJ$6) -> 0 | AM17: Laku 6
A18: =TEXT(B18,"[$-us]dddd") -> Sabtu | B18: =IF(MONTH(B17+1)=$A$4,B17+1) -> 46277 | D18: =SUMIFS('R DATA BNPL'!$G:$G,'R DATA BNPL'!$E:$E,B18,'R DATA BNPL'!$F:$F,'REKAP PERFORMANCE'!$D$6) -> 0 | E18: =SUMIFS('R DATA BNPL'!$H:$H,'R DATA BNPL'!$E:$E,DAILY[[#This Row],[Date]],'R DATA BNPL'!$F:$F,'REKAP PERFORMANCE'!$D$6) -> 0 | F18: =SUMIFS('R DATA BNPL'!$G:$G,'R DATA BNPL'!$E:$E,B18,'R DATA BNPL'!$F:$F,'REKAP PERFORMANCE'!$F$6) -> 50900970 | G18: =SUMIFS('R DATA BNPL'!$H:$H,'R DATA BNPL'!$E:$E,DAILY[[#This Row],[Date]],'R DATA BNPL'!$F:$F,'REKAP PERFORMANCE'!$F$6) -> 2 | H18: =SUMIFS('R DATA BNPL'!$G:$G,'R DATA BNPL'!$E:$E,B18,'R DATA BNPL'!$F:$F,'REKAP PERFORMANCE'!$H$6) -> 574690 | I18: =SUMIFS('R DATA BNPL'!$H:$H,'R DATA BNPL'!$E:$E,DAILY[[#This Row],[Date]],'R DATA BNPL'!$F:$F,'REKAP PERFORMANCE'!$H$6) -> 1 | J18: =D18+F18+H18 -> 51475660 | K18: =E18+G18+I18 -> 3 | L18: =SUMIFS('R DATA BNPL'!$G:$G,'R DATA BNPL'!$E:$E,B18,'R DATA BNPL'!$F:$F,'REKAP PERFORMANCE'!$L$6) -> 0 | M18: =SUMIFS('R DATA BNPL'!$H:$H,'R DATA BNPL'!$E:$E,DAILY[[#This Row],[Date]],'R DATA BNPL'!$F:$F,'REKAP PERFORMANCE'!$L$6) -> 0 | N18: =SUMIFS('R DATA BNPL'!$G:$G,'R DATA BNPL'!$E:$E,B18,'R DATA BNPL'!$F:$F,'REKAP PERFORMANCE'!$N$6) -> 0 | O18: =SUMIFS('R DATA BNPL'!$H:$H,'R DATA BNPL'!$E:$E,DAILY[[#This Row],[Date]],'R DATA BNPL'!$F:$F,'REKAP PERFORMANCE'!$N$6) -> 0 | P18: =L18+N18 -> 0 | Q18: =M18+O18 -> 0 | R18: =SUMIFS('R DATA BNPL'!$G:$G,'R DATA BNPL'!$E:$E,B18,'R DATA BNPL'!$F:$F,'REKAP PERFORMANCE'!$R$6) -> 0 | S18: =SUMIFS('R DATA BNPL'!$H:$H,'R DATA BNPL'!$E:$E,DAILY[[#This Row],[Date]],'R DATA BNPL'!$F:$F,'REKAP PERFORMANCE'!$R$6) -> 0 | T18: =SUMIFS('R DATA BNPL'!$G:$G,'R DATA BNPL'!$E:$E,B18,'R DATA BNPL'!$F:$F,'REKAP PERFORMANCE'!$T$6) -> 0 | U18: =SUMIFS('R DATA BNPL'!$H:$H,'R DATA BNPL'!$E:$E,DAILY[[#This Row],[Date]],'R DATA BNPL'!$F:$F,'REKAP PERFORMANCE'!$T$6) -> 0 | V18: =R18+T18 -> 0 | W18: =S18+U18 -> 0 | X18: =SUMIFS('R DATA BNPL'!$G:$G,'R DATA BNPL'!$E:$E,B18,'R DATA BNPL'!$F:$F,'REKAP PERFORMANCE'!$X$6) -> 14314000 | Y18: =SUMIFS('R DATA BNPL'!$H:$H,'R DATA BNPL'!$E:$E,DAILY[[#This Row],[Date]],'R DATA BNPL'!$F:$F,'REKAP PERFORMANCE'!$X$6) -> 1 | Z18: =SUMIFS('R DATA BNPL'!$G:$G,'R DATA BNPL'!$E:$E,B18,'R DATA BNPL'!$F:$F,'REKAP PERFORMANCE'!$Z$6) -> 0 | AA18: =SUMIFS('R DATA BNPL'!$H:$H,'R DATA BNPL'!$E:$E,DAILY[[#This Row],[Date]],'R DATA BNPL'!$F:$F,'REKAP PERFORMANCE'!$Z$6) -> 0 | AB18: =X18+Z18 -> 14314000 | AC18: =Y18+AA18 -> 1 | AD18: =SUMIFS('R DATA BNPL'!$G:$G,'R DATA BNPL'!$E:$E,B18,'R DATA BNPL'!$F:$F,'REKAP PERFORMANCE'!$AD$6) -> 0 | AE18: =SUMIFS('R DATA BNPL'!$H:$H,'R DATA BNPL'!$E:$E,DAILY[[#This Row],[Date]],'R DATA BNPL'!$F:$F,'REKAP PERFORMANCE'!$AD$6) -> 0 | AH18: =SUMIFS('R DATA BNPL'!$G:$G,'R DATA BNPL'!$E:$E,B18,'R DATA BNPL'!$F:$F,'REKAP PERFORMANCE'!$AH$6) -> 0 | AI18: =SUMIFS('R DATA BNPL'!$G:$G,'R DATA BNPL'!$E:$E,B18,'R DATA BNPL'!$F:$F,'REKAP PERFORMANCE'!$AI$6) -> 0 | AJ18: =SUMIFS('R DATA BNPL'!$G:$G,'R DATA BNPL'!$E:$E,B18,'R DATA BNPL'!$F:$F,'REKAP PERFORMANCE'!$AJ$6) -> 0 | AM18: Tier 0 | AN18: Tier 1 | AO18: Tier 2 | AP18: Tier 3
A19: =TEXT(B19,"[$-us]dddd") -> Minggu | B19: =IF(MONTH(B18+1)=$A$4,B18+1) -> 46278 | D19: =SUMIFS('R DATA BNPL'!$G:$G,'R DATA BNPL'!$E:$E,B19,'R DATA BNPL'!$F:$F,'REKAP PERFORMANCE'!$D$6) -> 0 | E19: =SUMIFS('R DATA BNPL'!$H:$H,'R DATA BNPL'!$E:$E,DAILY[[#This Row],[Date]],'R DATA BNPL'!$F:$F,'REKAP PERFORMANCE'!$D$6) -> 0 | F19: =SUMIFS('R DATA BNPL'!$G:$G,'R DATA BNPL'!$E:$E,B19,'R DATA BNPL'!$F:$F,'REKAP PERFORMANCE'!$F$6) -> 0 | G19: =SUMIFS('R DATA BNPL'!$H:$H,'R DATA BNPL'!$E:$E,DAILY[[#This Row],[Date]],'R DATA BNPL'!$F:$F,'REKAP PERFORMANCE'!$F$6) -> 0 | H19: =SUMIFS('R DATA BNPL'!$G:$G,'R DATA BNPL'!$E:$E,B19,'R DATA BNPL'!$F:$F,'REKAP PERFORMANCE'!$H$6) -> 39354000 | I19: =SUMIFS('R DATA BNPL'!$H:$H,'R DATA BNPL'!$E:$E,DAILY[[#This Row],[Date]],'R DATA BNPL'!$F:$F,'REKAP PERFORMANCE'!$H$6) -> 3 | J19: =D19+F19+H19 -> 39354000 | K19: =E19+G19+I19 -> 3 | L19: =SUMIFS('R DATA BNPL'!$G:$G,'R DATA BNPL'!$E:$E,B19,'R DATA BNPL'!$F:$F,'REKAP PERFORMANCE'!$L$6) -> 0 | M19: =SUMIFS('R DATA BNPL'!$H:$H,'R DATA BNPL'!$E:$E,DAILY[[#This Row],[Date]],'R DATA BNPL'!$F:$F,'REKAP PERFORMANCE'!$L$6) -> 0 | N19: =SUMIFS('R DATA BNPL'!$G:$G,'R DATA BNPL'!$E:$E,B19,'R DATA BNPL'!$F:$F,'REKAP PERFORMANCE'!$N$6) -> 0 | O19: =SUMIFS('R DATA BNPL'!$H:$H,'R DATA BNPL'!$E:$E,DAILY[[#This Row],[Date]],'R DATA BNPL'!$F:$F,'REKAP PERFORMANCE'!$N$6) -> 0 | P19: =L19+N19 -> 0 | Q19: =M19+O19 -> 0 | R19: =SUMIFS('R DATA BNPL'!$G:$G,'R DATA BNPL'!$E:$E,B19,'R DATA BNPL'!$F:$F,'REKAP PERFORMANCE'!$R$6) -> 0 | S19: =SUMIFS('R DATA BNPL'!$H:$H,'R DATA BNPL'!$E:$E,DAILY[[#This Row],[Date]],'R DATA BNPL'!$F:$F,'REKAP PERFORMANCE'!$R$6) -> 0 | T19: =SUMIFS('R DATA BNPL'!$G:$G,'R DATA BNPL'!$E:$E,B19,'R DATA BNPL'!$F:$F,'REKAP PERFORMANCE'!$T$6) -> 0 | U19: =SUMIFS('R DATA BNPL'!$H:$H,'R DATA BNPL'!$E:$E,DAILY[[#This Row],[Date]],'R DATA BNPL'!$F:$F,'REKAP PERFORMANCE'!$T$6) -> 0 | V19: =R19+T19 -> 0 | W19: =S19+U19 -> 0 | X19: =SUMIFS('R DATA BNPL'!$G:$G,'R DATA BNPL'!$E:$E,B19,'R DATA BNPL'!$F:$F,'REKAP PERFORMANCE'!$X$6) -> 21047000 | Y19: =SUMIFS('R DATA BNPL'!$H:$H,'R DATA BNPL'!$E:$E,DAILY[[#This Row],[Date]],'R DATA BNPL'!$F:$F,'REKAP PERFORMANCE'!$X$6) -> 2 | Z19: =SUMIFS('R DATA BNPL'!$G:$G,'R DATA BNPL'!$E:$E,B19,'R DATA BNPL'!$F:$F,'REKAP PERFORMANCE'!$Z$6) -> 0 | AA19: =SUMIFS('R DATA BNPL'!$H:$H,'R DATA BNPL'!$E:$E,DAILY[[#This Row],[Date]],'R DATA BNPL'!$F:$F,'REKAP PERFORMANCE'!$Z$6) -> 0 | AB19: =X19+Z19 -> 21047000 | AC19: =Y19+AA19 -> 2 | AD19: =SUMIFS('R DATA BNPL'!$G:$G,'R DATA BNPL'!$E:$E,B19,'R DATA BNPL'!$F:$F,'REKAP PERFORMANCE'!$AD$6) -> 0 | AE19: =SUMIFS('R DATA BNPL'!$H:$H,'R DATA BNPL'!$E:$E,DAILY[[#This Row],[Date]],'R DATA BNPL'!$F:$F,'REKAP PERFORMANCE'!$AD$6) -> 0 | AH19: =SUMIFS('R DATA BNPL'!$G:$G,'R DATA BNPL'!$E:$E,B19,'R DATA BNPL'!$F:$F,'REKAP PERFORMANCE'!$AH$6) -> 0 | AI19: =SUMIFS('R DATA BNPL'!$G:$G,'R DATA BNPL'!$E:$E,B19,'R DATA BNPL'!$F:$F,'REKAP PERFORMANCE'!$AI$6) -> 0 | AJ19: =SUMIFS('R DATA BNPL'!$G:$G,'R DATA BNPL'!$E:$E,B19,'R DATA BNPL'!$F:$F,'REKAP PERFORMANCE'!$AJ$6) -> 0 | AL19: Rahman Ibrahim | AM19: =SUMIFS('R DATA BNPL'!$H:$H, 'R DATA BNPL'!$F:$F, 'REKAP PERFORMANCE'!AL19, 'R DATA BNPL'!$I:$I, 'REKAP PERFORMANCE'!$AM$18, 'R DATA BNPL'!$D:$D, 'REKAP PERFORMANCE'!$AM$17, 'R DATA BNPL'!$E:$E, ">="&DATE('REKAP PERFORMANCE'!$A$1, 'REKAP PERFORMANCE'!$A$4, 1), 'R DATA BNPL'!$E:$E, "<="&EOMONTH(DATE('REKAP PERFORMANCE'!$A$1, 'REKAP PERFORMANCE'!$A$4, 1), 0)) -> 0 | AN19: =SUMIFS('R DATA BNPL'!$H:$H, 'R DATA BNPL'!$F:$F, 'REKAP PERFORMANCE'!AL19, 'R DATA BNPL'!$I:$I, 'REKAP PERFORMANCE'!$AN$18, 'R DATA BNPL'!$D:$D, 'REKAP PERFORMANCE'!$AM$17, 'R DATA BNPL'!$E:$E, ">="&DATE('REKAP PERFORMANCE'!$A$1, 'REKAP PERFORMANCE'!$A$4, 1), 'R DATA BNPL'!$E:$E, "<="&EOMONTH(DATE('REKAP PERFORMANCE'!$A$1, 'REKAP PERFORMANCE'!$A$4, 1), 0)) -> 0 | AO19: =SUMIFS('R DATA BNPL'!$H:$H, 'R DATA BNPL'!$F:$F, 'REKAP PERFORMANCE'!AL19, 'R DATA BNPL'!$I:$I, 'REKAP PERFORMANCE'!$AO$18, 'R DATA BNPL'!$D:$D, 'REKAP PERFORMANCE'!$AM$17, 'R DATA BNPL'!$E:$E, ">="&DATE('REKAP PERFORMANCE'!$A$1, 'REKAP PERFORMANCE'!$A$4, 1), 'R DATA BNPL'!$E:$E, "<="&EOMONTH(DATE('REKAP PERFORMANCE'!$A$1, 'REKAP PERFORMANCE'!$A$4, 1), 0)) -> 0 | AP19: =SUMIFS('R DATA BNPL'!$H:$H, 'R DATA BNPL'!$F:$F, 'REKAP PERFORMANCE'!AL19, 'R DATA BNPL'!$I:$I, 'REKAP PERFORMANCE'!$AP$18, 'R DATA BNPL'!$D:$D, 'REKAP PERFORMANCE'!$AM$17, 'R DATA BNPL'!$E:$E, ">="&DATE('REKAP PERFORMANCE'!$A$1, 'REKAP PERFORMANCE'!$A$4, 1), 'R DATA BNPL'!$E:$E, "<="&EOMONTH(DATE('REKAP PERFORMANCE'!$A$1, 'REKAP PERFORMANCE'!$A$4, 1), 0)) -> 0
A20: =TEXT(B20,"[$-us]dddd") -> Senin | B20: =IF(MONTH(B19+1)=$A$4,B19+1) -> 46279 | D20: =SUMIFS('R DATA BNPL'!$G:$G,'R DATA BNPL'!$E:$E,B20,'R DATA BNPL'!$F:$F,'REKAP PERFORMANCE'!$D$6) -> 0 | E20: =SUMIFS('R DATA BNPL'!$H:$H,'R DATA BNPL'!$E:$E,DAILY[[#This Row],[Date]],'R DATA BNPL'!$F:$F,'REKAP PERFORMANCE'!$D$6) -> 0 | F20: =SUMIFS('R DATA BNPL'!$G:$G,'R DATA BNPL'!$E:$E,B20,'R DATA BNPL'!$F:$F,'REKAP PERFORMANCE'!$F$6) -> 14594500 | G20: =SUMIFS('R DATA BNPL'!$H:$H,'R DATA BNPL'!$E:$E,DAILY[[#This Row],[Date]],'R DATA BNPL'!$F:$F,'REKAP PERFORMANCE'!$F$6) -> 1 | H20: =SUMIFS('R DATA BNPL'!$G:$G,'R DATA BNPL'!$E:$E,B20,'R DATA BNPL'!$F:$F,'REKAP PERFORMANCE'!$H$6) -> 13500000 | I20: =SUMIFS('R DATA BNPL'!$H:$H,'R DATA BNPL'!$E:$E,DAILY[[#This Row],[Date]],'R DATA BNPL'!$F:$F,'REKAP PERFORMANCE'!$H$6) -> 1 | J20: =D20+F20+H20 -> 28094500 | K20: =E20+G20+I20 -> 2 | L20: =SUMIFS('R DATA BNPL'!$G:$G,'R DATA BNPL'!$E:$E,B20,'R DATA BNPL'!$F:$F,'REKAP PERFORMANCE'!$L$6) -> 0 | M20: =SUMIFS('R DATA BNPL'!$H:$H,'R DATA BNPL'!$E:$E,DAILY[[#This Row],[Date]],'R DATA BNPL'!$F:$F,'REKAP PERFORMANCE'!$L$6) -> 0 | N20: =SUMIFS('R DATA BNPL'!$G:$G,'R DATA BNPL'!$E:$E,B20,'R DATA BNPL'!$F:$F,'REKAP PERFORMANCE'!$N$6) -> 0 | O20: =SUMIFS('R DATA BNPL'!$H:$H,'R DATA BNPL'!$E:$E,DAILY[[#This Row],[Date]],'R DATA BNPL'!$F:$F,'REKAP PERFORMANCE'!$N$6) -> 0 | P20: =L20+N20 -> 0 | Q20: =M20+O20 -> 0 | R20: =SUMIFS('R DATA BNPL'!$G:$G,'R DATA BNPL'!$E:$E,B20,'R DATA BNPL'!$F:$F,'REKAP PERFORMANCE'!$R$6) -> 0 | S20: =SUMIFS('R DATA BNPL'!$H:$H,'R DATA BNPL'!$E:$E,DAILY[[#This Row],[Date]],'R DATA BNPL'!$F:$F,'REKAP PERFORMANCE'!$R$6) -> 0 | T20: =SUMIFS('R DATA BNPL'!$G:$G,'R DATA BNPL'!$E:$E,B20,'R DATA BNPL'!$F:$F,'REKAP PERFORMANCE'!$T$6) -> 0 | U20: =SUMIFS('R DATA BNPL'!$H:$H,'R DATA BNPL'!$E:$E,DAILY[[#This Row],[Date]],'R DATA BNPL'!$F:$F,'REKAP PERFORMANCE'!$T$6) -> 0 | V20: =R20+T20 -> 0 | W20: =S20+U20 -> 0 | X20: =SUMIFS('R DATA BNPL'!$G:$G,'R DATA BNPL'!$E:$E,B20,'R DATA BNPL'!$F:$F,'REKAP PERFORMANCE'!$X$6) -> 20868000 | Y20: =SUMIFS('R DATA BNPL'!$H:$H,'R DATA BNPL'!$E:$E,DAILY[[#This Row],[Date]],'R DATA BNPL'!$F:$F,'REKAP PERFORMANCE'!$X$6) -> 2 | Z20: =SUMIFS('R DATA BNPL'!$G:$G,'R DATA BNPL'!$E:$E,B20,'R DATA BNPL'!$F:$F,'REKAP PERFORMANCE'!$Z$6) -> 0 | AA20: =SUMIFS('R DATA BNPL'!$H:$H,'R DATA BNPL'!$E:$E,DAILY[[#This Row],[Date]],'R DATA BNPL'!$F:$F,'REKAP PERFORMANCE'!$Z$6) -> 0 | AB20: =X20+Z20 -> 20868000 | AC20: =Y20+AA20 -> 2 | AD20: =SUMIFS('R DATA BNPL'!$G:$G,'R DATA BNPL'!$E:$E,B20,'R DATA BNPL'!$F:$F,'REKAP PERFORMANCE'!$AD$6) -> 0 | AE20: =SUMIFS('R DATA BNPL'!$H:$H,'R DATA BNPL'!$E:$E,DAILY[[#This Row],[Date]],'R DATA BNPL'!$F:$F,'REKAP PERFORMANCE'!$AD$6) -> 0 | AH20: =SUMIFS('R DATA BNPL'!$G:$G,'R DATA BNPL'!$E:$E,B20,'R DATA BNPL'!$F:$F,'REKAP PERFORMANCE'!$AH$6) -> 0 | AI20: =SUMIFS('R DATA BNPL'!$G:$G,'R DATA BNPL'!$E:$E,B20,'R DATA BNPL'!$F:$F,'REKAP PERFORMANCE'!$AI$6) -> 0 | AJ20: =SUMIFS('R DATA BNPL'!$G:$G,'R DATA BNPL'!$E:$E,B20,'R DATA BNPL'!$F:$F,'REKAP PERFORMANCE'!$AJ$6) -> 0 | AL20: Virginia Bella | AM20: =SUMIFS('R DATA BNPL'!$H:$H, 'R DATA BNPL'!$F:$F, 'REKAP PERFORMANCE'!AL20, 'R DATA BNPL'!$I:$I, 'REKAP PERFORMANCE'!$AM$18, 'R DATA BNPL'!$D:$D, 'REKAP PERFORMANCE'!$AM$17, 'R DATA BNPL'!$E:$E, ">="&DATE('REKAP PERFORMANCE'!$A$1, 'REKAP PERFORMANCE'!$A$4, 1), 'R DATA BNPL'!$E:$E, "<="&EOMONTH(DATE('REKAP PERFORMANCE'!$A$1, 'REKAP PERFORMANCE'!$A$4, 1), 0)) -> 0 | AN20: =SUMIFS('R DATA BNPL'!$H:$H, 'R DATA BNPL'!$F:$F, 'REKAP PERFORMANCE'!AL20, 'R DATA BNPL'!$I:$I, 'REKAP PERFORMANCE'!$AN$18, 'R DATA BNPL'!$D:$D, 'REKAP PERFORMANCE'!$AM$17, 'R DATA BNPL'!$E:$E, ">="&DATE('REKAP PERFORMANCE'!$A$1, 'REKAP PERFORMANCE'!$A$4, 1), 'R DATA BNPL'!$E:$E, "<="&EOMONTH(DATE('REKAP PERFORMANCE'!$A$1, 'REKAP PERFORMANCE'!$A$4, 1), 0)) -> 0 | AO20: =SUMIFS('R DATA BNPL'!$H:$H, 'R DATA BNPL'!$F:$F, 'REKAP PERFORMANCE'!AL20, 'R DATA BNPL'!$I:$I, 'REKAP PERFORMANCE'!$AO$18, 'R DATA BNPL'!$D:$D, 'REKAP PERFORMANCE'!$AM$17, 'R DATA BNPL'!$E:$E, ">="&DATE('REKAP PERFORMANCE'!$A$1, 'REKAP PERFORMANCE'!$A$4, 1), 'R DATA BNPL'!$E:$E, "<="&EOMONTH(DATE('REKAP PERFORMANCE'!$A$1, 'REKAP PERFORMANCE'!$A$4, 1), 0)) -> 0 | AP20: =SUMIFS('R DATA BNPL'!$H:$H, 'R DATA BNPL'!$F:$F, 'REKAP PERFORMANCE'!AL20, 'R DATA BNPL'!$I:$I, 'REKAP PERFORMANCE'!$AP$18, 'R DATA BNPL'!$D:$D, 'REKAP PERFORMANCE'!$AM$17, 'R DATA BNPL'!$E:$E, ">="&DATE('REKAP PERFORMANCE'!$A$1, 'REKAP PERFORMANCE'!$A$4, 1), 'R DATA BNPL'!$E:$E, "<="&EOMONTH(DATE('REKAP PERFORMANCE'!$A$1, 'REKAP PERFORMANCE'!$A$4, 1), 0)) -> 0
A21: =TEXT(B21,"[$-us]dddd") -> Selasa | B21: =IF(MONTH(B20+1)=$A$4,B20+1) -> 46280 | D21: =SUMIFS('R DATA BNPL'!$G:$G,'R DATA BNPL'!$E:$E,B21,'R DATA BNPL'!$F:$F,'REKAP PERFORMANCE'!$D$6) -> 0 | E21: =SUMIFS('R DATA BNPL'!$H:$H,'R DATA BNPL'!$E:$E,DAILY[[#This Row],[Date]],'R DATA BNPL'!$F:$F,'REKAP PERFORMANCE'!$D$6) -> 0 | F21: =SUMIFS('R DATA BNPL'!$G:$G,'R DATA BNPL'!$E:$E,B21,'R DATA BNPL'!$F:$F,'REKAP PERFORMANCE'!$F$6) -> 0 | G21: =SUMIFS('R DATA BNPL'!$H:$H,'R DATA BNPL'!$E:$E,DAILY[[#This Row],[Date]],'R DATA BNPL'!$F:$F,'REKAP PERFORMANCE'!$F$6) -> 0 | H21: =SUMIFS('R DATA BNPL'!$G:$G,'R DATA BNPL'!$E:$E,B21,'R DATA BNPL'!$F:$F,'REKAP PERFORMANCE'!$H$6) -> 52911880 | I21: =SUMIFS('R DATA BNPL'!$H:$H,'R DATA BNPL'!$E:$E,DAILY[[#This Row],[Date]],'R DATA BNPL'!$F:$F,'REKAP PERFORMANCE'!$H$6) -> 2 | J21: =D21+F21+H21 -> 52911880 | K21: =E21+G21+I21 -> 2 | L21: =SUMIFS('R DATA BNPL'!$G:$G,'R DATA BNPL'!$E:$E,B21,'R DATA BNPL'!$F:$F,'REKAP PERFORMANCE'!$L$6) -> 0 | M21: =SUMIFS('R DATA BNPL'!$H:$H,'R DATA BNPL'!$E:$E,DAILY[[#This Row],[Date]],'R DATA BNPL'!$F:$F,'REKAP PERFORMANCE'!$L$6) -> 0 | N21: =SUMIFS('R DATA BNPL'!$G:$G,'R DATA BNPL'!$E:$E,B21,'R DATA BNPL'!$F:$F,'REKAP PERFORMANCE'!$N$6) -> 0 | O21: =SUMIFS('R DATA BNPL'!$H:$H,'R DATA BNPL'!$E:$E,DAILY[[#This Row],[Date]],'R DATA BNPL'!$F:$F,'REKAP PERFORMANCE'!$N$6) -> 0 | P21: =L21+N21 -> 0 | Q21: =M21+O21 -> 0 | R21: =SUMIFS('R DATA BNPL'!$G:$G,'R DATA BNPL'!$E:$E,B21,'R DATA BNPL'!$F:$F,'REKAP PERFORMANCE'!$R$6) -> 0 | S21: =SUMIFS('R DATA BNPL'!$H:$H,'R DATA BNPL'!$E:$E,DAILY[[#This Row],[Date]],'R DATA BNPL'!$F:$F,'REKAP PERFORMANCE'!$R$6) -> 0 | T21: =SUMIFS('R DATA BNPL'!$G:$G,'R DATA BNPL'!$E:$E,B21,'R DATA BNPL'!$F:$F,'REKAP PERFORMANCE'!$T$6) -> 0 | U21: =SUMIFS('R DATA BNPL'!$H:$H,'R DATA BNPL'!$E:$E,DAILY[[#This Row],[Date]],'R DATA BNPL'!$F:$F,'REKAP PERFORMANCE'!$T$6) -> 0 | V21: =R21+T21 -> 0 | W21: =S21+U21 -> 0 | X21: =SUMIFS('R DATA BNPL'!$G:$G,'R DATA BNPL'!$E:$E,B21,'R DATA BNPL'!$F:$F,'REKAP PERFORMANCE'!$X$6) -> 17313000 | Y21: =SUMIFS('R DATA BNPL'!$H:$H,'R DATA BNPL'!$E:$E,DAILY[[#This Row],[Date]],'R DATA BNPL'!$F:$F,'REKAP PERFORMANCE'!$X$6) -> 1 | Z21: =SUMIFS('R DATA BNPL'!$G:$G,'R DATA BNPL'!$E:$E,B21,'R DATA BNPL'!$F:$F,'REKAP PERFORMANCE'!$Z$6) -> 0 | AA21: =SUMIFS('R DATA BNPL'!$H:$H,'R DATA BNPL'!$E:$E,DAILY[[#This Row],[Date]],'R DATA BNPL'!$F:$F,'REKAP PERFORMANCE'!$Z$6) -> 0 | AB21: =X21+Z21 -> 17313000 | AC21: =Y21+AA21 -> 1 | AD21: =SUMIFS('R DATA BNPL'!$G:$G,'R DATA BNPL'!$E:$E,B21,'R DATA BNPL'!$F:$F,'REKAP PERFORMANCE'!$AD$6) -> 0 | AE21: =SUMIFS('R DATA BNPL'!$H:$H,'R DATA BNPL'!$E:$E,DAILY[[#This Row],[Date]],'R DATA BNPL'!$F:$F,'REKAP PERFORMANCE'!$AD$6) -> 0 | AH21: =SUMIFS('R DATA BNPL'!$G:$G,'R DATA BNPL'!$E:$E,B21,'R DATA BNPL'!$F:$F,'REKAP PERFORMANCE'!$AH$6) -> 0 | AI21: =SUMIFS('R DATA BNPL'!$G:$G,'R DATA BNPL'!$E:$E,B21,'R DATA BNPL'!$F:$F,'REKAP PERFORMANCE'!$AI$6) -> 0 | AJ21: =SUMIFS('R DATA BNPL'!$G:$G,'R DATA BNPL'!$E:$E,B21,'R DATA BNPL'!$F:$F,'REKAP PERFORMANCE'!$AJ$6) -> 0 | AL21: Daniela Karin | AM21: =SUMIFS('R DATA BNPL'!$H:$H, 'R DATA BNPL'!$F:$F, 'REKAP PERFORMANCE'!AL21, 'R DATA BNPL'!$I:$I, 'REKAP PERFORMANCE'!$AM$18, 'R DATA BNPL'!$D:$D, 'REKAP PERFORMANCE'!$AM$17, 'R DATA BNPL'!$E:$E, ">="&DATE('REKAP PERFORMANCE'!$A$1, 'REKAP PERFORMANCE'!$A$4, 1), 'R DATA BNPL'!$E:$E, "<="&EOMONTH(DATE('REKAP PERFORMANCE'!$A$1, 'REKAP PERFORMANCE'!$A$4, 1), 0)) -> 0 | AN21: =SUMIFS('R DATA BNPL'!$H:$H, 'R DATA BNPL'!$F:$F, 'REKAP PERFORMANCE'!AL21, 'R DATA BNPL'!$I:$I, 'REKAP PERFORMANCE'!$AN$18, 'R DATA BNPL'!$D:$D, 'REKAP PERFORMANCE'!$AM$17, 'R DATA BNPL'!$E:$E, ">="&DATE('REKAP PERFORMANCE'!$A$1, 'REKAP PERFORMANCE'!$A$4, 1), 'R DATA BNPL'!$E:$E, "<="&EOMONTH(DATE('REKAP PERFORMANCE'!$A$1, 'REKAP PERFORMANCE'!$A$4, 1), 0)) -> 0 | AO21: =SUMIFS('R DATA BNPL'!$H:$H, 'R DATA BNPL'!$F:$F, 'REKAP PERFORMANCE'!AL21, 'R DATA BNPL'!$I:$I, 'REKAP PERFORMANCE'!$AO$18, 'R DATA BNPL'!$D:$D, 'REKAP PERFORMANCE'!$AM$17, 'R DATA BNPL'!$E:$E, ">="&DATE('REKAP PERFORMANCE'!$A$1, 'REKAP PERFORMANCE'!$A$4, 1), 'R DATA BNPL'!$E:$E, "<="&EOMONTH(DATE('REKAP PERFORMANCE'!$A$1, 'REKAP PERFORMANCE'!$A$4, 1), 0)) -> 0 | AP21: =SUMIFS('R DATA BNPL'!$H:$H, 'R DATA BNPL'!$F:$F, 'REKAP PERFORMANCE'!AL21, 'R DATA BNPL'!$I:$I, 'REKAP PERFORMANCE'!$AP$18, 'R DATA BNPL'!$D:$D, 'REKAP PERFORMANCE'!$AM$17, 'R DATA BNPL'!$E:$E, ">="&DATE('REKAP PERFORMANCE'!$A$1, 'REKAP PERFORMANCE'!$A$4, 1), 'R DATA BNPL'!$E:$E, "<="&EOMONTH(DATE('REKAP PERFORMANCE'!$A$1, 'REKAP PERFORMANCE'!$A$4, 1), 0)) -> 0
A22: =TEXT(B22,"[$-us]dddd") -> Rabu | B22: =IF(MONTH(B21+1)=$A$4,B21+1) -> 46281 | D22: =SUMIFS('R DATA BNPL'!$G:$G,'R DATA BNPL'!$E:$E,B22,'R DATA BNPL'!$F:$F,'REKAP PERFORMANCE'!$D$6) -> 0 | E22: =SUMIFS('R DATA BNPL'!$H:$H,'R DATA BNPL'!$E:$E,DAILY[[#This Row],[Date]],'R DATA BNPL'!$F:$F,'REKAP PERFORMANCE'!$D$6) -> 0 | F22: =SUMIFS('R DATA BNPL'!$G:$G,'R DATA BNPL'!$E:$E,B22,'R DATA BNPL'!$F:$F,'REKAP PERFORMANCE'!$F$6) -> 11817000 | G22: =SUMIFS('R DATA BNPL'!$H:$H,'R DATA BNPL'!$E:$E,DAILY[[#This Row],[Date]],'R DATA BNPL'!$F:$F,'REKAP PERFORMANCE'!$F$6) -> 1 | H22: =SUMIFS('R DATA BNPL'!$G:$G,'R DATA BNPL'!$E:$E,B22,'R DATA BNPL'!$F:$F,'REKAP PERFORMANCE'!$H$6) -> 0 | I22: =SUMIFS('R DATA BNPL'!$H:$H,'R DATA BNPL'!$E:$E,DAILY[[#This Row],[Date]],'R DATA BNPL'!$F:$F,'REKAP PERFORMANCE'!$H$6) -> 0 | J22: =D22+F22+H22 -> 11817000 | K22: =E22+G22+I22 -> 1 | L22: =SUMIFS('R DATA BNPL'!$G:$G,'R DATA BNPL'!$E:$E,B22,'R DATA BNPL'!$F:$F,'REKAP PERFORMANCE'!$L$6) -> 0 | M22: =SUMIFS('R DATA BNPL'!$H:$H,'R DATA BNPL'!$E:$E,DAILY[[#This Row],[Date]],'R DATA BNPL'!$F:$F,'REKAP PERFORMANCE'!$L$6) -> 0 | N22: =SUMIFS('R DATA BNPL'!$G:$G,'R DATA BNPL'!$E:$E,B22,'R DATA BNPL'!$F:$F,'REKAP PERFORMANCE'!$N$6) -> 0 | O22: =SUMIFS('R DATA BNPL'!$H:$H,'R DATA BNPL'!$E:$E,DAILY[[#This Row],[Date]],'R DATA BNPL'!$F:$F,'REKAP PERFORMANCE'!$N$6) -> 0 | P22: =L22+N22 -> 0 | Q22: =M22+O22 -> 0 | R22: =SUMIFS('R DATA BNPL'!$G:$G,'R DATA BNPL'!$E:$E,B22,'R DATA BNPL'!$F:$F,'REKAP PERFORMANCE'!$R$6) -> 0 | S22: =SUMIFS('R DATA BNPL'!$H:$H,'R DATA BNPL'!$E:$E,DAILY[[#This Row],[Date]],'R DATA BNPL'!$F:$F,'REKAP PERFORMANCE'!$R$6) -> 0 | T22: =SUMIFS('R DATA BNPL'!$G:$G,'R DATA BNPL'!$E:$E,B22,'R DATA BNPL'!$F:$F,'REKAP PERFORMANCE'!$T$6) -> 0 | U22: =SUMIFS('R DATA BNPL'!$H:$H,'R DATA BNPL'!$E:$E,DAILY[[#This Row],[Date]],'R DATA BNPL'!$F:$F,'REKAP PERFORMANCE'!$T$6) -> 0 | V22: =R22+T22 -> 0 | W22: =S22+U22 -> 0 | X22: =SUMIFS('R DATA BNPL'!$G:$G,'R DATA BNPL'!$E:$E,B22,'R DATA BNPL'!$F:$F,'REKAP PERFORMANCE'!$X$6) -> 0 | Y22: =SUMIFS('R DATA BNPL'!$H:$H,'R DATA BNPL'!$E:$E,DAILY[[#This Row],[Date]],'R DATA BNPL'!$F:$F,'REKAP PERFORMANCE'!$X$6) -> 0 | Z22: =SUMIFS('R DATA BNPL'!$G:$G,'R DATA BNPL'!$E:$E,B22,'R DATA BNPL'!$F:$F,'REKAP PERFORMANCE'!$Z$6) -> 0 | AA22: =SUMIFS('R DATA BNPL'!$H:$H,'R DATA BNPL'!$E:$E,DAILY[[#This Row],[Date]],'R DATA BNPL'!$F:$F,'REKAP PERFORMANCE'!$Z$6) -> 0 | AB22: =X22+Z22 -> 0 | AC22: =Y22+AA22 -> 0 | AD22: =SUMIFS('R DATA BNPL'!$G:$G,'R DATA BNPL'!$E:$E,B22,'R DATA BNPL'!$F:$F,'REKAP PERFORMANCE'!$AD$6) -> 0 | AE22: =SUMIFS('R DATA BNPL'!$H:$H,'R DATA BNPL'!$E:$E,DAILY[[#This Row],[Date]],'R DATA BNPL'!$F:$F,'REKAP PERFORMANCE'!$AD$6) -> 0 | AH22: =SUMIFS('R DATA BNPL'!$G:$G,'R DATA BNPL'!$E:$E,B22,'R DATA BNPL'!$F:$F,'REKAP PERFORMANCE'!$AH$6) -> 0 | AI22: =SUMIFS('R DATA BNPL'!$G:$G,'R DATA BNPL'!$E:$E,B22,'R DATA BNPL'!$F:$F,'REKAP PERFORMANCE'!$AI$6) -> 0 | AJ22: =SUMIFS('R DATA BNPL'!$G:$G,'R DATA BNPL'!$E:$E,B22,'R DATA BNPL'!$F:$F,'REKAP PERFORMANCE'!$AJ$6) -> 0 | AL22: Rangga Fachrezy | AM22: =SUMIFS('R DATA BNPL'!$H:$H, 'R DATA BNPL'!$F:$F, 'REKAP PERFORMANCE'!AL22, 'R DATA BNPL'!$I:$I, 'REKAP PERFORMANCE'!$AM$18, 'R DATA BNPL'!$D:$D, 'REKAP PERFORMANCE'!$AM$17, 'R DATA BNPL'!$E:$E, ">="&DATE('REKAP PERFORMANCE'!$A$1, 'REKAP PERFORMANCE'!$A$4, 1), 'R DATA BNPL'!$E:$E, "<="&EOMONTH(DATE('REKAP PERFORMANCE'!$A$1, 'REKAP PERFORMANCE'!$A$4, 1), 0)) -> 0 | AN22: =SUMIFS('R DATA BNPL'!$H:$H, 'R DATA BNPL'!$F:$F, 'REKAP PERFORMANCE'!AL22, 'R DATA BNPL'!$I:$I, 'REKAP PERFORMANCE'!$AN$18, 'R DATA BNPL'!$D:$D, 'REKAP PERFORMANCE'!$AM$17, 'R DATA BNPL'!$E:$E, ">="&DATE('REKAP PERFORMANCE'!$A$1, 'REKAP PERFORMANCE'!$A$4, 1), 'R DATA BNPL'!$E:$E, "<="&EOMONTH(DATE('REKAP PERFORMANCE'!$A$1, 'REKAP PERFORMANCE'!$A$4, 1), 0)) -> 0 | AO22: =SUMIFS('R DATA BNPL'!$H:$H, 'R DATA BNPL'!$F:$F, 'REKAP PERFORMANCE'!AL22, 'R DATA BNPL'!$I:$I, 'REKAP PERFORMANCE'!$AO$18, 'R DATA BNPL'!$D:$D, 'REKAP PERFORMANCE'!$AM$17, 'R DATA BNPL'!$E:$E, ">="&DATE('REKAP PERFORMANCE'!$A$1, 'REKAP PERFORMANCE'!$A$4, 1), 'R DATA BNPL'!$E:$E, "<="&EOMONTH(DATE('REKAP PERFORMANCE'!$A$1, 'REKAP PERFORMANCE'!$A$4, 1), 0)) -> 0 | AP22: =SUMIFS('R DATA BNPL'!$H:$H, 'R DATA BNPL'!$F:$F, 'REKAP PERFORMANCE'!AL22, 'R DATA BNPL'!$I:$I, 'REKAP PERFORMANCE'!$AP$18, 'R DATA BNPL'!$D:$D, 'REKAP PERFORMANCE'!$AM$17, 'R DATA BNPL'!$E:$E, ">="&DATE('REKAP PERFORMANCE'!$A$1, 'REKAP PERFORMANCE'!$A$4, 1), 'R DATA BNPL'!$E:$E, "<="&EOMONTH(DATE('REKAP PERFORMANCE'!$A$1, 'REKAP PERFORMANCE'!$A$4, 1), 0)) -> 0
A23: =TEXT(B23,"[$-us]dddd") -> Kamis | B23: =IF(MONTH(B22+1)=$A$4,B22+1) -> 46282 | D23: =SUMIFS('R DATA BNPL'!$G:$G,'R DATA BNPL'!$E:$E,B23,'R DATA BNPL'!$F:$F,'REKAP PERFORMANCE'!$D$6) -> 0 | E23: =SUMIFS('R DATA BNPL'!$H:$H,'R DATA BNPL'!$E:$E,DAILY[[#This Row],[Date]],'R DATA BNPL'!$F:$F,'REKAP PERFORMANCE'!$D$6) -> 0 | F23: =SUMIFS('R DATA BNPL'!$G:$G,'R DATA BNPL'!$E:$E,B23,'R DATA BNPL'!$F:$F,'REKAP PERFORMANCE'!$F$6) -> 25089410 | G23: =SUMIFS('R DATA BNPL'!$H:$H,'R DATA BNPL'!$E:$E,DAILY[[#This Row],[Date]],'R DATA BNPL'!$F:$F,'REKAP PERFORMANCE'!$F$6) -> 1 | H23: =SUMIFS('R DATA BNPL'!$G:$G,'R DATA BNPL'!$E:$E,B23,'R DATA BNPL'!$F:$F,'REKAP PERFORMANCE'!$H$6) -> 0 | I23: =SUMIFS('R DATA BNPL'!$H:$H,'R DATA BNPL'!$E:$E,DAILY[[#This Row],[Date]],'R DATA BNPL'!$F:$F,'REKAP PERFORMANCE'!$H$6) -> 0 | J23: =D23+F23+H23 -> 25089410 | K23: =E23+G23+I23 -> 1 | L23: =SUMIFS('R DATA BNPL'!$G:$G,'R DATA BNPL'!$E:$E,B23,'R DATA BNPL'!$F:$F,'REKAP PERFORMANCE'!$L$6) -> 0 | M23: =SUMIFS('R DATA BNPL'!$H:$H,'R DATA BNPL'!$E:$E,DAILY[[#This Row],[Date]],'R DATA BNPL'!$F:$F,'REKAP PERFORMANCE'!$L$6) -> 0 | N23: =SUMIFS('R DATA BNPL'!$G:$G,'R DATA BNPL'!$E:$E,B23,'R DATA BNPL'!$F:$F,'REKAP PERFORMANCE'!$N$6) -> 0 | O23: =SUMIFS('R DATA BNPL'!$H:$H,'R DATA BNPL'!$E:$E,DAILY[[#This Row],[Date]],'R DATA BNPL'!$F:$F,'REKAP PERFORMANCE'!$N$6) -> 0 | P23: =L23+N23 -> 0 | Q23: =M23+O23 -> 0 | R23: =SUMIFS('R DATA BNPL'!$G:$G,'R DATA BNPL'!$E:$E,B23,'R DATA BNPL'!$F:$F,'REKAP PERFORMANCE'!$R$6) -> 0 | S23: =SUMIFS('R DATA BNPL'!$H:$H,'R DATA BNPL'!$E:$E,DAILY[[#This Row],[Date]],'R DATA BNPL'!$F:$F,'REKAP PERFORMANCE'!$R$6) -> 0 | T23: =SUMIFS('R DATA BNPL'!$G:$G,'R DATA BNPL'!$E:$E,B23,'R DATA BNPL'!$F:$F,'REKAP PERFORMANCE'!$T$6) -> 0 | U23: =SUMIFS('R DATA BNPL'!$H:$H,'R DATA BNPL'!$E:$E,DAILY[[#This Row],[Date]],'R DATA BNPL'!$F:$F,'REKAP PERFORMANCE'!$T$6) -> 0 | V23: =R23+T23 -> 0 | W23: =S23+U23 -> 0 | X23: =SUMIFS('R DATA BNPL'!$G:$G,'R DATA BNPL'!$E:$E,B23,'R DATA BNPL'!$F:$F,'REKAP PERFORMANCE'!$X$6) -> 0 | Y23: =SUMIFS('R DATA BNPL'!$H:$H,'R DATA BNPL'!$E:$E,DAILY[[#This Row],[Date]],'R DATA BNPL'!$F:$F,'REKAP PERFORMANCE'!$X$6) -> 0 | Z23: =SUMIFS('R DATA BNPL'!$G:$G,'R DATA BNPL'!$E:$E,B23,'R DATA BNPL'!$F:$F,'REKAP PERFORMANCE'!$Z$6) -> 0 | AA23: =SUMIFS('R DATA BNPL'!$H:$H,'R DATA BNPL'!$E:$E,DAILY[[#This Row],[Date]],'R DATA BNPL'!$F:$F,'REKAP PERFORMANCE'!$Z$6) -> 0 | AB23: =X23+Z23 -> 0 | AC23: =Y23+AA23 -> 0 | AD23: =SUMIFS('R DATA BNPL'!$G:$G,'R DATA BNPL'!$E:$E,B23,'R DATA BNPL'!$F:$F,'REKAP PERFORMANCE'!$AD$6) -> 0 | AE23: =SUMIFS('R DATA BNPL'!$H:$H,'R DATA BNPL'!$E:$E,DAILY[[#This Row],[Date]],'R DATA BNPL'!$F:$F,'REKAP PERFORMANCE'!$AD$6) -> 0 | AH23: =SUMIFS('R DATA BNPL'!$G:$G,'R DATA BNPL'!$E:$E,B23,'R DATA BNPL'!$F:$F,'REKAP PERFORMANCE'!$AH$6) -> 0 | AI23: =SUMIFS('R DATA BNPL'!$G:$G,'R DATA BNPL'!$E:$E,B23,'R DATA BNPL'!$F:$F,'REKAP PERFORMANCE'!$AI$6) -> 0 | AJ23: =SUMIFS('R DATA BNPL'!$G:$G,'R DATA BNPL'!$E:$E,B23,'R DATA BNPL'!$F:$F,'REKAP PERFORMANCE'!$AJ$6) -> 0 | AL23: Elang Sofyan | AM23: =SUMIFS('R DATA BNPL'!$H:$H, 'R DATA BNPL'!$F:$F, 'REKAP PERFORMANCE'!AL23, 'R DATA BNPL'!$I:$I, 'REKAP PERFORMANCE'!$AM$18, 'R DATA BNPL'!$D:$D, 'REKAP PERFORMANCE'!$AM$17, 'R DATA BNPL'!$E:$E, ">="&DATE('REKAP PERFORMANCE'!$A$1, 'REKAP PERFORMANCE'!$A$4, 1), 'R DATA BNPL'!$E:$E, "<="&EOMONTH(DATE('REKAP PERFORMANCE'!$A$1, 'REKAP PERFORMANCE'!$A$4, 1), 0)) -> 0 | AN23: =SUMIFS('R DATA BNPL'!$H:$H, 'R DATA BNPL'!$F:$F, 'REKAP PERFORMANCE'!AL23, 'R DATA BNPL'!$I:$I, 'REKAP PERFORMANCE'!$AN$18, 'R DATA BNPL'!$D:$D, 'REKAP PERFORMANCE'!$AM$17, 'R DATA BNPL'!$E:$E, ">="&DATE('REKAP PERFORMANCE'!$A$1, 'REKAP PERFORMANCE'!$A$4, 1), 'R DATA BNPL'!$E:$E, "<="&EOMONTH(DATE('REKAP PERFORMANCE'!$A$1, 'REKAP PERFORMANCE'!$A$4, 1), 0)) -> 0 | AO23: =SUMIFS('R DATA BNPL'!$H:$H, 'R DATA BNPL'!$F:$F, 'REKAP PERFORMANCE'!AL23, 'R DATA BNPL'!$I:$I, 'REKAP PERFORMANCE'!$AO$18, 'R DATA BNPL'!$D:$D, 'REKAP PERFORMANCE'!$AM$17, 'R DATA BNPL'!$E:$E, ">="&DATE('REKAP PERFORMANCE'!$A$1, 'REKAP PERFORMANCE'!$A$4, 1), 'R DATA BNPL'!$E:$E, "<="&EOMONTH(DATE('REKAP PERFORMANCE'!$A$1, 'REKAP PERFORMANCE'!$A$4, 1), 0)) -> 0 | AP23: =SUMIFS('R DATA BNPL'!$H:$H, 'R DATA BNPL'!$F:$F, 'REKAP PERFORMANCE'!AL23, 'R DATA BNPL'!$I:$I, 'REKAP PERFORMANCE'!$AP$18, 'R DATA BNPL'!$D:$D, 'REKAP PERFORMANCE'!$AM$17, 'R DATA BNPL'!$E:$E, ">="&DATE('REKAP PERFORMANCE'!$A$1, 'REKAP PERFORMANCE'!$A$4, 1), 'R DATA BNPL'!$E:$E, "<="&EOMONTH(DATE('REKAP PERFORMANCE'!$A$1, 'REKAP PERFORMANCE'!$A$4, 1), 0)) -> 0
A24: =TEXT(B24,"[$-us]dddd") -> Jumat | B24: =IF(MONTH(B23+1)=$A$4,B23+1) -> 46283 | D24: =SUMIFS('R DATA BNPL'!$G:$G,'R DATA BNPL'!$E:$E,B24,'R DATA BNPL'!$F:$F,'REKAP PERFORMANCE'!$D$6) -> 0 | E24: =SUMIFS('R DATA BNPL'!$H:$H,'R DATA BNPL'!$E:$E,DAILY[[#This Row],[Date]],'R DATA BNPL'!$F:$F,'REKAP PERFORMANCE'!$D$6) -> 0 | F24: =SUMIFS('R DATA BNPL'!$G:$G,'R DATA BNPL'!$E:$E,B24,'R DATA BNPL'!$F:$F,'REKAP PERFORMANCE'!$F$6) -> 15352000 | G24: =SUMIFS('R DATA BNPL'!$H:$H,'R DATA BNPL'!$E:$E,DAILY[[#This Row],[Date]],'R DATA BNPL'!$F:$F,'REKAP PERFORMANCE'!$F$6) -> 1 | H24: =SUMIFS('R DATA BNPL'!$G:$G,'R DATA BNPL'!$E:$E,B24,'R DATA BNPL'!$F:$F,'REKAP PERFORMANCE'!$H$6) -> 0 | I24: =SUMIFS('R DATA BNPL'!$H:$H,'R DATA BNPL'!$E:$E,DAILY[[#This Row],[Date]],'R DATA BNPL'!$F:$F,'REKAP PERFORMANCE'!$H$6) -> 0 | J24: =D24+F24+H24 -> 15352000 | K24: =E24+G24+I24 -> 1 | L24: =SUMIFS('R DATA BNPL'!$G:$G,'R DATA BNPL'!$E:$E,B24,'R DATA BNPL'!$F:$F,'REKAP PERFORMANCE'!$L$6) -> 0 | M24: =SUMIFS('R DATA BNPL'!$H:$H,'R DATA BNPL'!$E:$E,DAILY[[#This Row],[Date]],'R DATA BNPL'!$F:$F,'REKAP PERFORMANCE'!$L$6) -> 0 | N24: =SUMIFS('R DATA BNPL'!$G:$G,'R DATA BNPL'!$E:$E,B24,'R DATA BNPL'!$F:$F,'REKAP PERFORMANCE'!$N$6) -> 0 | O24: =SUMIFS('R DATA BNPL'!$H:$H,'R DATA BNPL'!$E:$E,DAILY[[#This Row],[Date]],'R DATA BNPL'!$F:$F,'REKAP PERFORMANCE'!$N$6) -> 0 | P24: =L24+N24 -> 0 | Q24: =M24+O24 -> 0 | R24: =SUMIFS('R DATA BNPL'!$G:$G,'R DATA BNPL'!$E:$E,B24,'R DATA BNPL'!$F:$F,'REKAP PERFORMANCE'!$R$6) -> 0 | S24: =SUMIFS('R DATA BNPL'!$H:$H,'R DATA BNPL'!$E:$E,DAILY[[#This Row],[Date]],'R DATA BNPL'!$F:$F,'REKAP PERFORMANCE'!$R$6) -> 0 | T24: =SUMIFS('R DATA BNPL'!$G:$G,'R DATA BNPL'!$E:$E,B24,'R DATA BNPL'!$F:$F,'REKAP PERFORMANCE'!$T$6) -> 0 | U24: =SUMIFS('R DATA BNPL'!$H:$H,'R DATA BNPL'!$E:$E,DAILY[[#This Row],[Date]],'R DATA BNPL'!$F:$F,'REKAP PERFORMANCE'!$T$6) -> 0 | V24: =R24+T24 -> 0 | W24: =S24+U24 -> 0 | X24: =SUMIFS('R DATA BNPL'!$G:$G,'R DATA BNPL'!$E:$E,B24,'R DATA BNPL'!$F:$F,'REKAP PERFORMANCE'!$X$6) -> 0 | Y24: =SUMIFS('R DATA BNPL'!$H:$H,'R DATA BNPL'!$E:$E,DAILY[[#This Row],[Date]],'R DATA BNPL'!$F:$F,'REKAP PERFORMANCE'!$X$6) -> 0 | Z24: =SUMIFS('R DATA BNPL'!$G:$G,'R DATA BNPL'!$E:$E,B24,'R DATA BNPL'!$F:$F,'REKAP PERFORMANCE'!$Z$6) -> 0 | AA24: =SUMIFS('R DATA BNPL'!$H:$H,'R DATA BNPL'!$E:$E,DAILY[[#This Row],[Date]],'R DATA BNPL'!$F:$F,'REKAP PERFORMANCE'!$Z$6) -> 0 | AB24: =X24+Z24 -> 0 | AC24: =Y24+AA24 -> 0 | AD24: =SUMIFS('R DATA BNPL'!$G:$G,'R DATA BNPL'!$E:$E,B24,'R DATA BNPL'!$F:$F,'REKAP PERFORMANCE'!$AD$6) -> 0 | AE24: =SUMIFS('R DATA BNPL'!$H:$H,'R DATA BNPL'!$E:$E,DAILY[[#This Row],[Date]],'R DATA BNPL'!$F:$F,'REKAP PERFORMANCE'!$AD$6) -> 0 | AH24: =SUMIFS('R DATA BNPL'!$G:$G,'R DATA BNPL'!$E:$E,B24,'R DATA BNPL'!$F:$F,'REKAP PERFORMANCE'!$AH$6) -> 0 | AI24: =SUMIFS('R DATA BNPL'!$G:$G,'R DATA BNPL'!$E:$E,B24,'R DATA BNPL'!$F:$F,'REKAP PERFORMANCE'!$AI$6) -> 0 | AJ24: =SUMIFS('R DATA BNPL'!$G:$G,'R DATA BNPL'!$E:$E,B24,'R DATA BNPL'!$F:$F,'REKAP PERFORMANCE'!$AJ$6) -> 0 | AL24: Jonathan Jeremy | AM24: =SUMIFS('R DATA BNPL'!$H:$H, 'R DATA BNPL'!$F:$F, 'REKAP PERFORMANCE'!AL24, 'R DATA BNPL'!$I:$I, 'REKAP PERFORMANCE'!$AM$18, 'R DATA BNPL'!$D:$D, 'REKAP PERFORMANCE'!$AM$17, 'R DATA BNPL'!$E:$E, ">="&DATE('REKAP PERFORMANCE'!$A$1, 'REKAP PERFORMANCE'!$A$4, 1), 'R DATA BNPL'!$E:$E, "<="&EOMONTH(DATE('REKAP PERFORMANCE'!$A$1, 'REKAP PERFORMANCE'!$A$4, 1), 0)) -> 0 | AN24: =SUMIFS('R DATA BNPL'!$H:$H, 'R DATA BNPL'!$F:$F, 'REKAP PERFORMANCE'!AL24, 'R DATA BNPL'!$I:$I, 'REKAP PERFORMANCE'!$AN$18, 'R DATA BNPL'!$D:$D, 'REKAP PERFORMANCE'!$AM$17, 'R DATA BNPL'!$E:$E, ">="&DATE('REKAP PERFORMANCE'!$A$1, 'REKAP PERFORMANCE'!$A$4, 1), 'R DATA BNPL'!$E:$E, "<="&EOMONTH(DATE('REKAP PERFORMANCE'!$A$1, 'REKAP PERFORMANCE'!$A$4, 1), 0)) -> 0 | AO24: =SUMIFS('R DATA BNPL'!$H:$H, 'R DATA BNPL'!$F:$F, 'REKAP PERFORMANCE'!AL24, 'R DATA BNPL'!$I:$I, 'REKAP PERFORMANCE'!$AO$18, 'R DATA BNPL'!$D:$D, 'REKAP PERFORMANCE'!$AM$17, 'R DATA BNPL'!$E:$E, ">="&DATE('REKAP PERFORMANCE'!$A$1, 'REKAP PERFORMANCE'!$A$4, 1), 'R DATA BNPL'!$E:$E, "<="&EOMONTH(DATE('REKAP PERFORMANCE'!$A$1, 'REKAP PERFORMANCE'!$A$4, 1), 0)) -> 0 | AP24: =SUMIFS('R DATA BNPL'!$H:$H, 'R DATA BNPL'!$F:$F, 'REKAP PERFORMANCE'!AL24, 'R DATA BNPL'!$I:$I, 'REKAP PERFORMANCE'!$AP$18, 'R DATA BNPL'!$D:$D, 'REKAP PERFORMANCE'!$AM$17, 'R DATA BNPL'!$E:$E, ">="&DATE('REKAP PERFORMANCE'!$A$1, 'REKAP PERFORMANCE'!$A$4, 1), 'R DATA BNPL'!$E:$E, "<="&EOMONTH(DATE('REKAP PERFORMANCE'!$A$1, 'REKAP PERFORMANCE'!$A$4, 1), 0)) -> 0
A25: =TEXT(B25,"[$-us]dddd") -> Sabtu | B25: =IF(MONTH(B24+1)=$A$4,B24+1) -> 46284 | D25: =SUMIFS('R DATA BNPL'!$G:$G,'R DATA BNPL'!$E:$E,B25,'R DATA BNPL'!$F:$F,'REKAP PERFORMANCE'!$D$6) -> 0 | E25: =SUMIFS('R DATA BNPL'!$H:$H,'R DATA BNPL'!$E:$E,DAILY[[#This Row],[Date]],'R DATA BNPL'!$F:$F,'REKAP PERFORMANCE'!$D$6) -> 0 | F25: =SUMIFS('R DATA BNPL'!$G:$G,'R DATA BNPL'!$E:$E,B25,'R DATA BNPL'!$F:$F,'REKAP PERFORMANCE'!$F$6) -> 26673090 | G25: =SUMIFS('R DATA BNPL'!$H:$H,'R DATA BNPL'!$E:$E,DAILY[[#This Row],[Date]],'R DATA BNPL'!$F:$F,'REKAP PERFORMANCE'!$F$6) -> 1 | H25: =SUMIFS('R DATA BNPL'!$G:$G,'R DATA BNPL'!$E:$E,B25,'R DATA BNPL'!$F:$F,'REKAP PERFORMANCE'!$H$6) -> 0 | I25: =SUMIFS('R DATA BNPL'!$H:$H,'R DATA BNPL'!$E:$E,DAILY[[#This Row],[Date]],'R DATA BNPL'!$F:$F,'REKAP PERFORMANCE'!$H$6) -> 0 | J25: =D25+F25+H25 -> 26673090 | K25: =E25+G25+I25 -> 1 | L25: =SUMIFS('R DATA BNPL'!$G:$G,'R DATA BNPL'!$E:$E,B25,'R DATA BNPL'!$F:$F,'REKAP PERFORMANCE'!$L$6) -> 0 | M25: =SUMIFS('R DATA BNPL'!$H:$H,'R DATA BNPL'!$E:$E,DAILY[[#This Row],[Date]],'R DATA BNPL'!$F:$F,'REKAP PERFORMANCE'!$L$6) -> 0 | N25: =SUMIFS('R DATA BNPL'!$G:$G,'R DATA BNPL'!$E:$E,B25,'R DATA BNPL'!$F:$F,'REKAP PERFORMANCE'!$N$6) -> 0 | O25: =SUMIFS('R DATA BNPL'!$H:$H,'R DATA BNPL'!$E:$E,DAILY[[#This Row],[Date]],'R DATA BNPL'!$F:$F,'REKAP PERFORMANCE'!$N$6) -> 0 | P25: =L25+N25 -> 0 | Q25: =M25+O25 -> 0 | R25: =SUMIFS('R DATA BNPL'!$G:$G,'R DATA BNPL'!$E:$E,B25,'R DATA BNPL'!$F:$F,'REKAP PERFORMANCE'!$R$6) -> 0 | S25: =SUMIFS('R DATA BNPL'!$H:$H,'R DATA BNPL'!$E:$E,DAILY[[#This Row],[Date]],'R DATA BNPL'!$F:$F,'REKAP PERFORMANCE'!$R$6) -> 0 | T25: =SUMIFS('R DATA BNPL'!$G:$G,'R DATA BNPL'!$E:$E,B25,'R DATA BNPL'!$F:$F,'REKAP PERFORMANCE'!$T$6) -> 0 | U25: =SUMIFS('R DATA BNPL'!$H:$H,'R DATA BNPL'!$E:$E,DAILY[[#This Row],[Date]],'R DATA BNPL'!$F:$F,'REKAP PERFORMANCE'!$T$6) -> 0 | V25: =R25+T25 -> 0 | W25: =S25+U25 -> 0 | X25: =SUMIFS('R DATA BNPL'!$G:$G,'R DATA BNPL'!$E:$E,B25,'R DATA BNPL'!$F:$F,'REKAP PERFORMANCE'!$X$6) -> 26409000 | Y25: =SUMIFS('R DATA BNPL'!$H:$H,'R DATA BNPL'!$E:$E,DAILY[[#This Row],[Date]],'R DATA BNPL'!$F:$F,'REKAP PERFORMANCE'!$X$6) -> 1 | Z25: =SUMIFS('R DATA BNPL'!$G:$G,'R DATA BNPL'!$E:$E,B25,'R DATA BNPL'!$F:$F,'REKAP PERFORMANCE'!$Z$6) -> 0 | AA25: =SUMIFS('R DATA BNPL'!$H:$H,'R DATA BNPL'!$E:$E,DAILY[[#This Row],[Date]],'R DATA BNPL'!$F:$F,'REKAP PERFORMANCE'!$Z$6) -> 0 | AB25: =X25+Z25 -> 26409000 | AC25: =Y25+AA25 -> 1 | AD25: =SUMIFS('R DATA BNPL'!$G:$G,'R DATA BNPL'!$E:$E,B25,'R DATA BNPL'!$F:$F,'REKAP PERFORMANCE'!$AD$6) -> 0 | AE25: =SUMIFS('R DATA BNPL'!$H:$H,'R DATA BNPL'!$E:$E,DAILY[[#This Row],[Date]],'R DATA BNPL'!$F:$F,'REKAP PERFORMANCE'!$AD$6) -> 0 | AH25: =SUMIFS('R DATA BNPL'!$G:$G,'R DATA BNPL'!$E:$E,B25,'R DATA BNPL'!$F:$F,'REKAP PERFORMANCE'!$AH$6) -> 0 | AI25: =SUMIFS('R DATA BNPL'!$G:$G,'R DATA BNPL'!$E:$E,B25,'R DATA BNPL'!$F:$F,'REKAP PERFORMANCE'!$AI$6) -> 0 | AJ25: =SUMIFS('R DATA BNPL'!$G:$G,'R DATA BNPL'!$E:$E,B25,'R DATA BNPL'!$F:$F,'REKAP PERFORMANCE'!$AJ$6) -> 0 | AM25: =SUMIFS('R DATA BNPL'!$H:$H, 'R DATA BNPL'!$F:$F, 'REKAP PERFORMANCE'!AL25, 'R DATA BNPL'!$I:$I, 'REKAP PERFORMANCE'!$AM$18, 'R DATA BNPL'!$D:$D, 'REKAP PERFORMANCE'!$AM$17, 'R DATA BNPL'!$E:$E, ">="&DATE('REKAP PERFORMANCE'!$A$1, 'REKAP PERFORMANCE'!$A$4, 1), 'R DATA BNPL'!$E:$E, "<="&EOMONTH(DATE('REKAP PERFORMANCE'!$A$1, 'REKAP PERFORMANCE'!$A$4, 1), 0)) -> 0 | AN25: =SUMIFS('R DATA BNPL'!$H:$H, 'R DATA BNPL'!$F:$F, 'REKAP PERFORMANCE'!AL25, 'R DATA BNPL'!$I:$I, 'REKAP PERFORMANCE'!$AN$18, 'R DATA BNPL'!$D:$D, 'REKAP PERFORMANCE'!$AM$17, 'R DATA BNPL'!$E:$E, ">="&DATE('REKAP PERFORMANCE'!$A$1, 'REKAP PERFORMANCE'!$A$4, 1), 'R DATA BNPL'!$E:$E, "<="&EOMONTH(DATE('REKAP PERFORMANCE'!$A$1, 'REKAP PERFORMANCE'!$A$4, 1), 0)) -> 0 | AO25: =SUMIFS('R DATA BNPL'!$H:$H, 'R DATA BNPL'!$F:$F, 'REKAP PERFORMANCE'!AL25, 'R DATA BNPL'!$I:$I, 'REKAP PERFORMANCE'!$AO$18, 'R DATA BNPL'!$D:$D, 'REKAP PERFORMANCE'!$AM$17, 'R DATA BNPL'!$E:$E, ">="&DATE('REKAP PERFORMANCE'!$A$1, 'REKAP PERFORMANCE'!$A$4, 1), 'R DATA BNPL'!$E:$E, "<="&EOMONTH(DATE('REKAP PERFORMANCE'!$A$1, 'REKAP PERFORMANCE'!$A$4, 1), 0)) -> 0 | AP25: =SUMIFS('R DATA BNPL'!$H:$H, 'R DATA BNPL'!$F:$F, 'REKAP PERFORMANCE'!AL25, 'R DATA BNPL'!$I:$I, 'REKAP PERFORMANCE'!$AP$18, 'R DATA BNPL'!$D:$D, 'REKAP PERFORMANCE'!$AM$17, 'R DATA BNPL'!$E:$E, ">="&DATE('REKAP PERFORMANCE'!$A$1, 'REKAP PERFORMANCE'!$A$4, 1), 'R DATA BNPL'!$E:$E, "<="&EOMONTH(DATE('REKAP PERFORMANCE'!$A$1, 'REKAP PERFORMANCE'!$A$4, 1), 0)) -> 0
A26: =TEXT(B26,"[$-us]dddd") -> Minggu | B26: =IF(MONTH(B25+1)=$A$4,B25+1) -> 46285 | D26: =SUMIFS('R DATA BNPL'!$G:$G,'R DATA BNPL'!$E:$E,B26,'R DATA BNPL'!$F:$F,'REKAP PERFORMANCE'!$D$6) -> 0 | E26: =SUMIFS('R DATA BNPL'!$H:$H,'R DATA BNPL'!$E:$E,DAILY[[#This Row],[Date]],'R DATA BNPL'!$F:$F,'REKAP PERFORMANCE'!$D$6) -> 0 | F26: =SUMIFS('R DATA BNPL'!$G:$G,'R DATA BNPL'!$E:$E,B26,'R DATA BNPL'!$F:$F,'REKAP PERFORMANCE'!$F$6) -> 0 | G26: =SUMIFS('R DATA BNPL'!$H:$H,'R DATA BNPL'!$E:$E,DAILY[[#This Row],[Date]],'R DATA BNPL'!$F:$F,'REKAP PERFORMANCE'!$F$6) -> 0 | H26: =SUMIFS('R DATA BNPL'!$G:$G,'R DATA BNPL'!$E:$E,B26,'R DATA BNPL'!$F:$F,'REKAP PERFORMANCE'!$H$6) -> 0 | I26: =SUMIFS('R DATA BNPL'!$H:$H,'R DATA BNPL'!$E:$E,DAILY[[#This Row],[Date]],'R DATA BNPL'!$F:$F,'REKAP PERFORMANCE'!$H$6) -> 0 | J26: =D26+F26+H26 -> 0 | K26: =E26+G26+I26 -> 0 | L26: =SUMIFS('R DATA BNPL'!$G:$G,'R DATA BNPL'!$E:$E,B26,'R DATA BNPL'!$F:$F,'REKAP PERFORMANCE'!$L$6) -> 0 | M26: =SUMIFS('R DATA BNPL'!$H:$H,'R DATA BNPL'!$E:$E,DAILY[[#This Row],[Date]],'R DATA BNPL'!$F:$F,'REKAP PERFORMANCE'!$L$6) -> 0 | N26: =SUMIFS('R DATA BNPL'!$G:$G,'R DATA BNPL'!$E:$E,B26,'R DATA BNPL'!$F:$F,'REKAP PERFORMANCE'!$N$6) -> 0 | O26: =SUMIFS('R DATA BNPL'!$H:$H,'R DATA BNPL'!$E:$E,DAILY[[#This Row],[Date]],'R DATA BNPL'!$F:$F,'REKAP PERFORMANCE'!$N$6) -> 0 | P26: =L26+N26 -> 0 | Q26: =M26+O26 -> 0 | R26: =SUMIFS('R DATA BNPL'!$G:$G,'R DATA BNPL'!$E:$E,B26,'R DATA BNPL'!$F:$F,'REKAP PERFORMANCE'!$R$6) -> 0 | S26: =SUMIFS('R DATA BNPL'!$H:$H,'R DATA BNPL'!$E:$E,DAILY[[#This Row],[Date]],'R DATA BNPL'!$F:$F,'REKAP PERFORMANCE'!$R$6) -> 0 | T26: =SUMIFS('R DATA BNPL'!$G:$G,'R DATA BNPL'!$E:$E,B26,'R DATA BNPL'!$F:$F,'REKAP PERFORMANCE'!$T$6) -> 0 | U26: =SUMIFS('R DATA BNPL'!$H:$H,'R DATA BNPL'!$E:$E,DAILY[[#This Row],[Date]],'R DATA BNPL'!$F:$F,'REKAP PERFORMANCE'!$T$6) -> 0 | V26: =R26+T26 -> 0 | W26: =S26+U26 -> 0 | X26: =SUMIFS('R DATA BNPL'!$G:$G,'R DATA BNPL'!$E:$E,B26,'R DATA BNPL'!$F:$F,'REKAP PERFORMANCE'!$X$6) -> 0 | Y26: =SUMIFS('R DATA BNPL'!$H:$H,'R DATA BNPL'!$E:$E,DAILY[[#This Row],[Date]],'R DATA BNPL'!$F:$F,'REKAP PERFORMANCE'!$X$6) -> 0 | Z26: =SUMIFS('R DATA BNPL'!$G:$G,'R DATA BNPL'!$E:$E,B26,'R DATA BNPL'!$F:$F,'REKAP PERFORMANCE'!$Z$6) -> 0 | AA26: =SUMIFS('R DATA BNPL'!$H:$H,'R DATA BNPL'!$E:$E,DAILY[[#This Row],[Date]],'R DATA BNPL'!$F:$F,'REKAP PERFORMANCE'!$Z$6) -> 0 | AB26: =X26+Z26 -> 0 | AC26: =Y26+AA26 -> 0 | AD26: =SUMIFS('R DATA BNPL'!$G:$G,'R DATA BNPL'!$E:$E,B26,'R DATA BNPL'!$F:$F,'REKAP PERFORMANCE'!$AD$6) -> 0 | AE26: =SUMIFS('R DATA BNPL'!$H:$H,'R DATA BNPL'!$E:$E,DAILY[[#This Row],[Date]],'R DATA BNPL'!$F:$F,'REKAP PERFORMANCE'!$AD$6) -> 0 | AH26: =SUMIFS('R DATA BNPL'!$G:$G,'R DATA BNPL'!$E:$E,B26,'R DATA BNPL'!$F:$F,'REKAP PERFORMANCE'!$AH$6) -> 0 | AI26: =SUMIFS('R DATA BNPL'!$G:$G,'R DATA BNPL'!$E:$E,B26,'R DATA BNPL'!$F:$F,'REKAP PERFORMANCE'!$AI$6) -> 0 | AJ26: =SUMIFS('R DATA BNPL'!$G:$G,'R DATA BNPL'!$E:$E,B26,'R DATA BNPL'!$F:$F,'REKAP PERFORMANCE'!$AJ$6) -> 0
A27: =TEXT(B27,"[$-us]dddd") -> Senin | B27: =IF(MONTH(B26+1)=$A$4,B26+1) -> 46286 | D27: =SUMIFS('R DATA BNPL'!$G:$G,'R DATA BNPL'!$E:$E,B27,'R DATA BNPL'!$F:$F,'REKAP PERFORMANCE'!$D$6) -> 0 | E27: =SUMIFS('R DATA BNPL'!$H:$H,'R DATA BNPL'!$E:$E,DAILY[[#This Row],[Date]],'R DATA BNPL'!$F:$F,'REKAP PERFORMANCE'!$D$6) -> 0 | F27: =SUMIFS('R DATA BNPL'!$G:$G,'R DATA BNPL'!$E:$E,B27,'R DATA BNPL'!$F:$F,'REKAP PERFORMANCE'!$F$6) -> 0 | G27: =SUMIFS('R DATA BNPL'!$H:$H,'R DATA BNPL'!$E:$E,DAILY[[#This Row],[Date]],'R DATA BNPL'!$F:$F,'REKAP PERFORMANCE'!$F$6) -> 0 | H27: =SUMIFS('R DATA BNPL'!$G:$G,'R DATA BNPL'!$E:$E,B27,'R DATA BNPL'!$F:$F,'REKAP PERFORMANCE'!$H$6) -> 0 | I27: =SUMIFS('R DATA BNPL'!$H:$H,'R DATA BNPL'!$E:$E,DAILY[[#This Row],[Date]],'R DATA BNPL'!$F:$F,'REKAP PERFORMANCE'!$H$6) -> 0 | J27: =D27+F27+H27 -> 0 | K27: =E27+G27+I27 -> 0 | L27: =SUMIFS('R DATA BNPL'!$G:$G,'R DATA BNPL'!$E:$E,B27,'R DATA BNPL'!$F:$F,'REKAP PERFORMANCE'!$L$6) -> 0 | M27: =SUMIFS('R DATA BNPL'!$H:$H,'R DATA BNPL'!$E:$E,DAILY[[#This Row],[Date]],'R DATA BNPL'!$F:$F,'REKAP PERFORMANCE'!$L$6) -> 0 | N27: =SUMIFS('R DATA BNPL'!$G:$G,'R DATA BNPL'!$E:$E,B27,'R DATA BNPL'!$F:$F,'REKAP PERFORMANCE'!$N$6) -> 0 | O27: =SUMIFS('R DATA BNPL'!$H:$H,'R DATA BNPL'!$E:$E,DAILY[[#This Row],[Date]],'R DATA BNPL'!$F:$F,'REKAP PERFORMANCE'!$N$6) -> 0 | P27: =L27+N27 -> 0 | Q27: =M27+O27 -> 0 | R27: =SUMIFS('R DATA BNPL'!$G:$G,'R DATA BNPL'!$E:$E,B27,'R DATA BNPL'!$F:$F,'REKAP PERFORMANCE'!$R$6) -> 0 | S27: =SUMIFS('R DATA BNPL'!$H:$H,'R DATA BNPL'!$E:$E,DAILY[[#This Row],[Date]],'R DATA BNPL'!$F:$F,'REKAP PERFORMANCE'!$R$6) -> 0 | T27: =SUMIFS('R DATA BNPL'!$G:$G,'R DATA BNPL'!$E:$E,B27,'R DATA BNPL'!$F:$F,'REKAP PERFORMANCE'!$T$6) -> 0 | U27: =SUMIFS('R DATA BNPL'!$H:$H,'R DATA BNPL'!$E:$E,DAILY[[#This Row],[Date]],'R DATA BNPL'!$F:$F,'REKAP PERFORMANCE'!$T$6) -> 0 | V27: =R27+T27 -> 0 | W27: =S27+U27 -> 0 | X27: =SUMIFS('R DATA BNPL'!$G:$G,'R DATA BNPL'!$E:$E,B27,'R DATA BNPL'!$F:$F,'REKAP PERFORMANCE'!$X$6) -> 0 | Y27: =SUMIFS('R DATA BNPL'!$H:$H,'R DATA BNPL'!$E:$E,DAILY[[#This Row],[Date]],'R DATA BNPL'!$F:$F,'REKAP PERFORMANCE'!$X$6) -> 0 | Z27: =SUMIFS('R DATA BNPL'!$G:$G,'R DATA BNPL'!$E:$E,B27,'R DATA BNPL'!$F:$F,'REKAP PERFORMANCE'!$Z$6) -> 0 | AA27: =SUMIFS('R DATA BNPL'!$H:$H,'R DATA BNPL'!$E:$E,DAILY[[#This Row],[Date]],'R DATA BNPL'!$F:$F,'REKAP PERFORMANCE'!$Z$6) -> 0 | AB27: =X27+Z27 -> 0 | AC27: =Y27+AA27 -> 0 | AD27: =SUMIFS('R DATA BNPL'!$G:$G,'R DATA BNPL'!$E:$E,B27,'R DATA BNPL'!$F:$F,'REKAP PERFORMANCE'!$AD$6) -> 0 | AE27: =SUMIFS('R DATA BNPL'!$H:$H,'R DATA BNPL'!$E:$E,DAILY[[#This Row],[Date]],'R DATA BNPL'!$F:$F,'REKAP PERFORMANCE'!$AD$6) -> 0 | AH27: =SUMIFS('R DATA BNPL'!$G:$G,'R DATA BNPL'!$E:$E,B27,'R DATA BNPL'!$F:$F,'REKAP PERFORMANCE'!$AH$6) -> 0 | AI27: =SUMIFS('R DATA BNPL'!$G:$G,'R DATA BNPL'!$E:$E,B27,'R DATA BNPL'!$F:$F,'REKAP PERFORMANCE'!$AI$6) -> 0 | AJ27: =SUMIFS('R DATA BNPL'!$G:$G,'R DATA BNPL'!$E:$E,B27,'R DATA BNPL'!$F:$F,'REKAP PERFORMANCE'!$AJ$6) -> 0
A28: =TEXT(B28,"[$-us]dddd") -> Selasa | B28: =IF(MONTH(B27+1)=$A$4,B27+1) -> 46287 | D28: =SUMIFS('R DATA BNPL'!$G:$G,'R DATA BNPL'!$E:$E,B28,'R DATA BNPL'!$F:$F,'REKAP PERFORMANCE'!$D$6) -> 0 | E28: =SUMIFS('R DATA BNPL'!$H:$H,'R DATA BNPL'!$E:$E,DAILY[[#This Row],[Date]],'R DATA BNPL'!$F:$F,'REKAP PERFORMANCE'!$D$6) -> 0 | F28: =SUMIFS('R DATA BNPL'!$G:$G,'R DATA BNPL'!$E:$E,B28,'R DATA BNPL'!$F:$F,'REKAP PERFORMANCE'!$F$6) -> 0 | G28: =SUMIFS('R DATA BNPL'!$H:$H,'R DATA BNPL'!$E:$E,DAILY[[#This Row],[Date]],'R DATA BNPL'!$F:$F,'REKAP PERFORMANCE'!$F$6) -> 0 | H28: =SUMIFS('R DATA BNPL'!$G:$G,'R DATA BNPL'!$E:$E,B28,'R DATA BNPL'!$F:$F,'REKAP PERFORMANCE'!$H$6) -> 28672890 | I28: =SUMIFS('R DATA BNPL'!$H:$H,'R DATA BNPL'!$E:$E,DAILY[[#This Row],[Date]],'R DATA BNPL'!$F:$F,'REKAP PERFORMANCE'!$H$6) -> 2 | J28: =D28+F28+H28 -> 28672890 | K28: =E28+G28+I28 -> 2 | L28: =SUMIFS('R DATA BNPL'!$G:$G,'R DATA BNPL'!$E:$E,B28,'R DATA BNPL'!$F:$F,'REKAP PERFORMANCE'!$L$6) -> 0 | M28: =SUMIFS('R DATA BNPL'!$H:$H,'R DATA BNPL'!$E:$E,DAILY[[#This Row],[Date]],'R DATA BNPL'!$F:$F,'REKAP PERFORMANCE'!$L$6) -> 0 | N28: =SUMIFS('R DATA BNPL'!$G:$G,'R DATA BNPL'!$E:$E,B28,'R DATA BNPL'!$F:$F,'REKAP PERFORMANCE'!$N$6) -> 0 | O28: =SUMIFS('R DATA BNPL'!$H:$H,'R DATA BNPL'!$E:$E,DAILY[[#This Row],[Date]],'R DATA BNPL'!$F:$F,'REKAP PERFORMANCE'!$N$6) -> 0 | P28: =L28+N28 -> 0 | Q28: =M28+O28 -> 0 | R28: =SUMIFS('R DATA BNPL'!$G:$G,'R DATA BNPL'!$E:$E,B28,'R DATA BNPL'!$F:$F,'REKAP PERFORMANCE'!$R$6) -> 0 | S28: =SUMIFS('R DATA BNPL'!$H:$H,'R DATA BNPL'!$E:$E,DAILY[[#This Row],[Date]],'R DATA BNPL'!$F:$F,'REKAP PERFORMANCE'!$R$6) -> 0 | T28: =SUMIFS('R DATA BNPL'!$G:$G,'R DATA BNPL'!$E:$E,B28,'R DATA BNPL'!$F:$F,'REKAP PERFORMANCE'!$T$6) -> 0 | U28: =SUMIFS('R DATA BNPL'!$H:$H,'R DATA BNPL'!$E:$E,DAILY[[#This Row],[Date]],'R DATA BNPL'!$F:$F,'REKAP PERFORMANCE'!$T$6) -> 0 | V28: =R28+T28 -> 0 | W28: =S28+U28 -> 0 | X28: =SUMIFS('R DATA BNPL'!$G:$G,'R DATA BNPL'!$E:$E,B28,'R DATA BNPL'!$F:$F,'REKAP PERFORMANCE'!$X$6) -> 0 | Y28: =SUMIFS('R DATA BNPL'!$H:$H,'R DATA BNPL'!$E:$E,DAILY[[#This Row],[Date]],'R DATA BNPL'!$F:$F,'REKAP PERFORMANCE'!$X$6) -> 0 | Z28: =SUMIFS('R DATA BNPL'!$G:$G,'R DATA BNPL'!$E:$E,B28,'R DATA BNPL'!$F:$F,'REKAP PERFORMANCE'!$Z$6) -> 0 | AA28: =SUMIFS('R DATA BNPL'!$H:$H,'R DATA BNPL'!$E:$E,DAILY[[#This Row],[Date]],'R DATA BNPL'!$F:$F,'REKAP PERFORMANCE'!$Z$6) -> 0 | AB28: =X28+Z28 -> 0 | AC28: =Y28+AA28 -> 0 | AD28: =SUMIFS('R DATA BNPL'!$G:$G,'R DATA BNPL'!$E:$E,B28,'R DATA BNPL'!$F:$F,'REKAP PERFORMANCE'!$AD$6) -> 0 | AE28: =SUMIFS('R DATA BNPL'!$H:$H,'R DATA BNPL'!$E:$E,DAILY[[#This Row],[Date]],'R DATA BNPL'!$F:$F,'REKAP PERFORMANCE'!$AD$6) -> 0 | AH28: =SUMIFS('R DATA BNPL'!$G:$G,'R DATA BNPL'!$E:$E,B28,'R DATA BNPL'!$F:$F,'REKAP PERFORMANCE'!$AH$6) -> 0 | AI28: =SUMIFS('R DATA BNPL'!$G:$G,'R DATA BNPL'!$E:$E,B28,'R DATA BNPL'!$F:$F,'REKAP PERFORMANCE'!$AI$6) -> 0 | AJ28: =SUMIFS('R DATA BNPL'!$G:$G,'R DATA BNPL'!$E:$E,B28,'R DATA BNPL'!$F:$F,'REKAP PERFORMANCE'!$AJ$6) -> 0
A29: =TEXT(B29,"[$-us]dddd") -> Rabu | B29: =IF(MONTH(B28+1)=$A$4,B28+1) -> 46288 | D29: =SUMIFS('R DATA BNPL'!$G:$G,'R DATA BNPL'!$E:$E,B29,'R DATA BNPL'!$F:$F,'REKAP PERFORMANCE'!$D$6) -> 0 | E29: =SUMIFS('R DATA BNPL'!$H:$H,'R DATA BNPL'!$E:$E,DAILY[[#This Row],[Date]],'R DATA BNPL'!$F:$F,'REKAP PERFORMANCE'!$D$6) -> 0 | F29: =SUMIFS('R DATA BNPL'!$G:$G,'R DATA BNPL'!$E:$E,B29,'R DATA BNPL'!$F:$F,'REKAP PERFORMANCE'!$F$6) -> 0 | G29: =SUMIFS('R DATA BNPL'!$H:$H,'R DATA BNPL'!$E:$E,DAILY[[#This Row],[Date]],'R DATA BNPL'!$F:$F,'REKAP PERFORMANCE'!$F$6) -> 0 | H29: =SUMIFS('R DATA BNPL'!$G:$G,'R DATA BNPL'!$E:$E,B29,'R DATA BNPL'!$F:$F,'REKAP PERFORMANCE'!$H$6) -> 0 | I29: =SUMIFS('R DATA BNPL'!$H:$H,'R DATA BNPL'!$E:$E,DAILY[[#This Row],[Date]],'R DATA BNPL'!$F:$F,'REKAP PERFORMANCE'!$H$6) -> 0 | J29: =D29+F29+H29 -> 0 | K29: =E29+G29+I29 -> 0 | L29: =SUMIFS('R DATA BNPL'!$G:$G,'R DATA BNPL'!$E:$E,B29,'R DATA BNPL'!$F:$F,'REKAP PERFORMANCE'!$L$6) -> 0 | M29: =SUMIFS('R DATA BNPL'!$H:$H,'R DATA BNPL'!$E:$E,DAILY[[#This Row],[Date]],'R DATA BNPL'!$F:$F,'REKAP PERFORMANCE'!$L$6) -> 0 | N29: =SUMIFS('R DATA BNPL'!$G:$G,'R DATA BNPL'!$E:$E,B29,'R DATA BNPL'!$F:$F,'REKAP PERFORMANCE'!$N$6) -> 0 | O29: =SUMIFS('R DATA BNPL'!$H:$H,'R DATA BNPL'!$E:$E,DAILY[[#This Row],[Date]],'R DATA BNPL'!$F:$F,'REKAP PERFORMANCE'!$N$6) -> 0 | P29: =L29+N29 -> 0 | Q29: =M29+O29 -> 0 | R29: =SUMIFS('R DATA BNPL'!$G:$G,'R DATA BNPL'!$E:$E,B29,'R DATA BNPL'!$F:$F,'REKAP PERFORMANCE'!$R$6) -> 0 | S29: =SUMIFS('R DATA BNPL'!$H:$H,'R DATA BNPL'!$E:$E,DAILY[[#This Row],[Date]],'R DATA BNPL'!$F:$F,'REKAP PERFORMANCE'!$R$6) -> 0 | T29: =SUMIFS('R DATA BNPL'!$G:$G,'R DATA BNPL'!$E:$E,B29,'R DATA BNPL'!$F:$F,'REKAP PERFORMANCE'!$T$6) -> 0 | U29: =SUMIFS('R DATA BNPL'!$H:$H,'R DATA BNPL'!$E:$E,DAILY[[#This Row],[Date]],'R DATA BNPL'!$F:$F,'REKAP PERFORMANCE'!$T$6) -> 0 | V29: =R29+T29 -> 0 | W29: =S29+U29 -> 0 | X29: =SUMIFS('R DATA BNPL'!$G:$G,'R DATA BNPL'!$E:$E,B29,'R DATA BNPL'!$F:$F,'REKAP PERFORMANCE'!$X$6) -> 0 | Y29: =SUMIFS('R DATA BNPL'!$H:$H,'R DATA BNPL'!$E:$E,DAILY[[#This Row],[Date]],'R DATA BNPL'!$F:$F,'REKAP PERFORMANCE'!$X$6) -> 0 | Z29: =SUMIFS('R DATA BNPL'!$G:$G,'R DATA BNPL'!$E:$E,B29,'R DATA BNPL'!$F:$F,'REKAP PERFORMANCE'!$Z$6) -> 0 | AA29: =SUMIFS('R DATA BNPL'!$H:$H,'R DATA BNPL'!$E:$E,DAILY[[#This Row],[Date]],'R DATA BNPL'!$F:$F,'REKAP PERFORMANCE'!$Z$6) -> 0 | AB29: =X29+Z29 -> 0 | AC29: =Y29+AA29 -> 0 | AD29: =SUMIFS('R DATA BNPL'!$G:$G,'R DATA BNPL'!$E:$E,B29,'R DATA BNPL'!$F:$F,'REKAP PERFORMANCE'!$AD$6) -> 0 | AE29: =SUMIFS('R DATA BNPL'!$H:$H,'R DATA BNPL'!$E:$E,DAILY[[#This Row],[Date]],'R DATA BNPL'!$F:$F,'REKAP PERFORMANCE'!$AD$6) -> 0 | AH29: =SUMIFS('R DATA BNPL'!$G:$G,'R DATA BNPL'!$E:$E,B29,'R DATA BNPL'!$F:$F,'REKAP PERFORMANCE'!$AH$6) -> 0 | AI29: =SUMIFS('R DATA BNPL'!$G:$G,'R DATA BNPL'!$E:$E,B29,'R DATA BNPL'!$F:$F,'REKAP PERFORMANCE'!$AI$6) -> 0 | AJ29: =SUMIFS('R DATA BNPL'!$G:$G,'R DATA BNPL'!$E:$E,B29,'R DATA BNPL'!$F:$F,'REKAP PERFORMANCE'!$AJ$6) -> 0
A30: =TEXT(B30,"[$-us]dddd") -> Kamis | B30: =IF(MONTH(B29+1)=$A$4,B29+1) -> 46289 | D30: =SUMIFS('R DATA BNPL'!$G:$G,'R DATA BNPL'!$E:$E,B30,'R DATA BNPL'!$F:$F,'REKAP PERFORMANCE'!$D$6) -> 0 | E30: =SUMIFS('R DATA BNPL'!$H:$H,'R DATA BNPL'!$E:$E,DAILY[[#This Row],[Date]],'R DATA BNPL'!$F:$F,'REKAP PERFORMANCE'!$D$6) -> 0 | F30: =SUMIFS('R DATA BNPL'!$G:$G,'R DATA BNPL'!$E:$E,B30,'R DATA BNPL'!$F:$F,'REKAP PERFORMANCE'!$F$6) -> 0 | G30: =SUMIFS('R DATA BNPL'!$H:$H,'R DATA BNPL'!$E:$E,DAILY[[#This Row],[Date]],'R DATA BNPL'!$F:$F,'REKAP PERFORMANCE'!$F$6) -> 0 | H30: =SUMIFS('R DATA BNPL'!$G:$G,'R DATA BNPL'!$E:$E,B30,'R DATA BNPL'!$F:$F,'REKAP PERFORMANCE'!$H$6) -> 0 | I30: =SUMIFS('R DATA BNPL'!$H:$H,'R DATA BNPL'!$E:$E,DAILY[[#This Row],[Date]],'R DATA BNPL'!$F:$F,'REKAP PERFORMANCE'!$H$6) -> 0 | J30: =D30+F30+H30 -> 0 | K30: =E30+G30+I30 -> 0 | L30: =SUMIFS('R DATA BNPL'!$G:$G,'R DATA BNPL'!$E:$E,B30,'R DATA BNPL'!$F:$F,'REKAP PERFORMANCE'!$L$6) -> 0 | M30: =SUMIFS('R DATA BNPL'!$H:$H,'R DATA BNPL'!$E:$E,DAILY[[#This Row],[Date]],'R DATA BNPL'!$F:$F,'REKAP PERFORMANCE'!$L$6) -> 0 | N30: =SUMIFS('R DATA BNPL'!$G:$G,'R DATA BNPL'!$E:$E,B30,'R DATA BNPL'!$F:$F,'REKAP PERFORMANCE'!$N$6) -> 0 | O30: =SUMIFS('R DATA BNPL'!$H:$H,'R DATA BNPL'!$E:$E,DAILY[[#This Row],[Date]],'R DATA BNPL'!$F:$F,'REKAP PERFORMANCE'!$N$6) -> 0 | P30: =L30+N30 -> 0 | Q30: =M30+O30 -> 0 | R30: =SUMIFS('R DATA BNPL'!$G:$G,'R DATA BNPL'!$E:$E,B30,'R DATA BNPL'!$F:$F,'REKAP PERFORMANCE'!$R$6) -> 0 | S30: =SUMIFS('R DATA BNPL'!$H:$H,'R DATA BNPL'!$E:$E,DAILY[[#This Row],[Date]],'R DATA BNPL'!$F:$F,'REKAP PERFORMANCE'!$R$6) -> 0 | T30: =SUMIFS('R DATA BNPL'!$G:$G,'R DATA BNPL'!$E:$E,B30,'R DATA BNPL'!$F:$F,'REKAP PERFORMANCE'!$T$6) -> 0 | U30: =SUMIFS('R DATA BNPL'!$H:$H,'R DATA BNPL'!$E:$E,DAILY[[#This Row],[Date]],'R DATA BNPL'!$F:$F,'REKAP PERFORMANCE'!$T$6) -> 0 | V30: =R30+T30 -> 0 | W30: =S30+U30 -> 0 | X30: =SUMIFS('R DATA BNPL'!$G:$G,'R DATA BNPL'!$E:$E,B30,'R DATA BNPL'!$F:$F,'REKAP PERFORMANCE'!$X$6) -> 0 | Y30: =SUMIFS('R DATA BNPL'!$H:$H,'R DATA BNPL'!$E:$E,DAILY[[#This Row],[Date]],'R DATA BNPL'!$F:$F,'REKAP PERFORMANCE'!$X$6) -> 0 | Z30: =SUMIFS('R DATA BNPL'!$G:$G,'R DATA BNPL'!$E:$E,B30,'R DATA BNPL'!$F:$F,'REKAP PERFORMANCE'!$Z$6) -> 0 | AA30: =SUMIFS('R DATA BNPL'!$H:$H,'R DATA BNPL'!$E:$E,DAILY[[#This Row],[Date]],'R DATA BNPL'!$F:$F,'REKAP PERFORMANCE'!$Z$6) -> 0 | AB30: =X30+Z30 -> 0 | AC30: =Y30+AA30 -> 0 | AD30: =SUMIFS('R DATA BNPL'!$G:$G,'R DATA BNPL'!$E:$E,B30,'R DATA BNPL'!$F:$F,'REKAP PERFORMANCE'!$AD$6) -> 0 | AE30: =SUMIFS('R DATA BNPL'!$H:$H,'R DATA BNPL'!$E:$E,DAILY[[#This Row],[Date]],'R DATA BNPL'!$F:$F,'REKAP PERFORMANCE'!$AD$6) -> 0 | AH30: =SUMIFS('R DATA BNPL'!$G:$G,'R DATA BNPL'!$E:$E,B30,'R DATA BNPL'!$F:$F,'REKAP PERFORMANCE'!$AH$6) -> 0 | AI30: =SUMIFS('R DATA BNPL'!$G:$G,'R DATA BNPL'!$E:$E,B30,'R DATA BNPL'!$F:$F,'REKAP PERFORMANCE'!$AI$6) -> 0 | AJ30: =SUMIFS('R DATA BNPL'!$G:$G,'R DATA BNPL'!$E:$E,B30,'R DATA BNPL'!$F:$F,'REKAP PERFORMANCE'!$AJ$6) -> 0
A31: =TEXT(B31,"[$-us]dddd") -> Jumat | B31: =IF(MONTH(B30+1)=$A$4,B30+1) -> 46290 | D31: =SUMIFS('R DATA BNPL'!$G:$G,'R DATA BNPL'!$E:$E,B31,'R DATA BNPL'!$F:$F,'REKAP PERFORMANCE'!$D$6) -> 0 | E31: =SUMIFS('R DATA BNPL'!$H:$H,'R DATA BNPL'!$E:$E,DAILY[[#This Row],[Date]],'R DATA BNPL'!$F:$F,'REKAP PERFORMANCE'!$D$6) -> 0 | F31: =SUMIFS('R DATA BNPL'!$G:$G,'R DATA BNPL'!$E:$E,B31,'R DATA BNPL'!$F:$F,'REKAP PERFORMANCE'!$F$6) -> 0 | G31: =SUMIFS('R DATA BNPL'!$H:$H,'R DATA BNPL'!$E:$E,DAILY[[#This Row],[Date]],'R DATA BNPL'!$F:$F,'REKAP PERFORMANCE'!$F$6) -> 0 | H31: =SUMIFS('R DATA BNPL'!$G:$G,'R DATA BNPL'!$E:$E,B31,'R DATA BNPL'!$F:$F,'REKAP PERFORMANCE'!$H$6) -> 0 | I31: =SUMIFS('R DATA BNPL'!$H:$H,'R DATA BNPL'!$E:$E,DAILY[[#This Row],[Date]],'R DATA BNPL'!$F:$F,'REKAP PERFORMANCE'!$H$6) -> 0 | J31: =D31+F31+H31 -> 0 | K31: =E31+G31+I31 -> 0 | L31: =SUMIFS('R DATA BNPL'!$G:$G,'R DATA BNPL'!$E:$E,B31,'R DATA BNPL'!$F:$F,'REKAP PERFORMANCE'!$L$6) -> 0 | M31: =SUMIFS('R DATA BNPL'!$H:$H,'R DATA BNPL'!$E:$E,DAILY[[#This Row],[Date]],'R DATA BNPL'!$F:$F,'REKAP PERFORMANCE'!$L$6) -> 0 | N31: =SUMIFS('R DATA BNPL'!$G:$G,'R DATA BNPL'!$E:$E,B31,'R DATA BNPL'!$F:$F,'REKAP PERFORMANCE'!$N$6) -> 0 | O31: =SUMIFS('R DATA BNPL'!$H:$H,'R DATA BNPL'!$E:$E,DAILY[[#This Row],[Date]],'R DATA BNPL'!$F:$F,'REKAP PERFORMANCE'!$N$6) -> 0 | P31: =L31+N31 -> 0 | Q31: =M31+O31 -> 0 | R31: =SUMIFS('R DATA BNPL'!$G:$G,'R DATA BNPL'!$E:$E,B31,'R DATA BNPL'!$F:$F,'REKAP PERFORMANCE'!$R$6) -> 0 | S31: =SUMIFS('R DATA BNPL'!$H:$H,'R DATA BNPL'!$E:$E,DAILY[[#This Row],[Date]],'R DATA BNPL'!$F:$F,'REKAP PERFORMANCE'!$R$6) -> 0 | T31: =SUMIFS('R DATA BNPL'!$G:$G,'R DATA BNPL'!$E:$E,B31,'R DATA BNPL'!$F:$F,'REKAP PERFORMANCE'!$T$6) -> 0 | U31: =SUMIFS('R DATA BNPL'!$H:$H,'R DATA BNPL'!$E:$E,DAILY[[#This Row],[Date]],'R DATA BNPL'!$F:$F,'REKAP PERFORMANCE'!$T$6) -> 0 | V31: =R31+T31 -> 0 | W31: =S31+U31 -> 0 | X31: =SUMIFS('R DATA BNPL'!$G:$G,'R DATA BNPL'!$E:$E,B31,'R DATA BNPL'!$F:$F,'REKAP PERFORMANCE'!$X$6) -> 0 | Y31: =SUMIFS('R DATA BNPL'!$H:$H,'R DATA BNPL'!$E:$E,DAILY[[#This Row],[Date]],'R DATA BNPL'!$F:$F,'REKAP PERFORMANCE'!$X$6) -> 0 | Z31: =SUMIFS('R DATA BNPL'!$G:$G,'R DATA BNPL'!$E:$E,B31,'R DATA BNPL'!$F:$F,'REKAP PERFORMANCE'!$Z$6) -> 0 | AA31: =SUMIFS('R DATA BNPL'!$H:$H,'R DATA BNPL'!$E:$E,DAILY[[#This Row],[Date]],'R DATA BNPL'!$F:$F,'REKAP PERFORMANCE'!$Z$6) -> 0 | AB31: =X31+Z31 -> 0 | AC31: =Y31+AA31 -> 0 | AD31: =SUMIFS('R DATA BNPL'!$G:$G,'R DATA BNPL'!$E:$E,B31,'R DATA BNPL'!$F:$F,'REKAP PERFORMANCE'!$AD$6) -> 0 | AE31: =SUMIFS('R DATA BNPL'!$H:$H,'R DATA BNPL'!$E:$E,DAILY[[#This Row],[Date]],'R DATA BNPL'!$F:$F,'REKAP PERFORMANCE'!$AD$6) -> 0 | AH31: =SUMIFS('R DATA BNPL'!$G:$G,'R DATA BNPL'!$E:$E,B31,'R DATA BNPL'!$F:$F,'REKAP PERFORMANCE'!$AH$6) -> 0 | AI31: =SUMIFS('R DATA BNPL'!$G:$G,'R DATA BNPL'!$E:$E,B31,'R DATA BNPL'!$F:$F,'REKAP PERFORMANCE'!$AI$6) -> 0 | AJ31: =SUMIFS('R DATA BNPL'!$G:$G,'R DATA BNPL'!$E:$E,B31,'R DATA BNPL'!$F:$F,'REKAP PERFORMANCE'!$AJ$6) -> 0
A32: =TEXT(B32,"[$-us]dddd") -> Sabtu | B32: =IF(MONTH(B31+1)=$A$4,B31+1) -> 46291 | D32: =SUMIFS('R DATA BNPL'!$G:$G,'R DATA BNPL'!$E:$E,B32,'R DATA BNPL'!$F:$F,'REKAP PERFORMANCE'!$D$6) -> 0 | E32: =SUMIFS('R DATA BNPL'!$H:$H,'R DATA BNPL'!$E:$E,DAILY[[#This Row],[Date]],'R DATA BNPL'!$F:$F,'REKAP PERFORMANCE'!$D$6) -> 0 | F32: =SUMIFS('R DATA BNPL'!$G:$G,'R DATA BNPL'!$E:$E,B32,'R DATA BNPL'!$F:$F,'REKAP PERFORMANCE'!$F$6) -> 0 | G32: =SUMIFS('R DATA BNPL'!$H:$H,'R DATA BNPL'!$E:$E,DAILY[[#This Row],[Date]],'R DATA BNPL'!$F:$F,'REKAP PERFORMANCE'!$F$6) -> 0 | H32: =SUMIFS('R DATA BNPL'!$G:$G,'R DATA BNPL'!$E:$E,B32,'R DATA BNPL'!$F:$F,'REKAP PERFORMANCE'!$H$6) -> 0 | I32: =SUMIFS('R DATA BNPL'!$H:$H,'R DATA BNPL'!$E:$E,DAILY[[#This Row],[Date]],'R DATA BNPL'!$F:$F,'REKAP PERFORMANCE'!$H$6) -> 0 | J32: =D32+F32+H32 -> 0 | K32: =E32+G32+I32 -> 0 | L32: =SUMIFS('R DATA BNPL'!$G:$G,'R DATA BNPL'!$E:$E,B32,'R DATA BNPL'!$F:$F,'REKAP PERFORMANCE'!$L$6) -> 0 | M32: =SUMIFS('R DATA BNPL'!$H:$H,'R DATA BNPL'!$E:$E,DAILY[[#This Row],[Date]],'R DATA BNPL'!$F:$F,'REKAP PERFORMANCE'!$L$6) -> 0 | N32: =SUMIFS('R DATA BNPL'!$G:$G,'R DATA BNPL'!$E:$E,B32,'R DATA BNPL'!$F:$F,'REKAP PERFORMANCE'!$N$6) -> 0 | O32: =SUMIFS('R DATA BNPL'!$H:$H,'R DATA BNPL'!$E:$E,DAILY[[#This Row],[Date]],'R DATA BNPL'!$F:$F,'REKAP PERFORMANCE'!$N$6) -> 0 | P32: =L32+N32 -> 0 | Q32: =M32+O32 -> 0 | R32: =SUMIFS('R DATA BNPL'!$G:$G,'R DATA BNPL'!$E:$E,B32,'R DATA BNPL'!$F:$F,'REKAP PERFORMANCE'!$R$6) -> 0 | S32: =SUMIFS('R DATA BNPL'!$H:$H,'R DATA BNPL'!$E:$E,DAILY[[#This Row],[Date]],'R DATA BNPL'!$F:$F,'REKAP PERFORMANCE'!$R$6) -> 0 | T32: =SUMIFS('R DATA BNPL'!$G:$G,'R DATA BNPL'!$E:$E,B32,'R DATA BNPL'!$F:$F,'REKAP PERFORMANCE'!$T$6) -> 0 | U32: =SUMIFS('R DATA BNPL'!$H:$H,'R DATA BNPL'!$E:$E,DAILY[[#This Row],[Date]],'R DATA BNPL'!$F:$F,'REKAP PERFORMANCE'!$T$6) -> 0 | V32: =R32+T32 -> 0 | W32: =S32+U32 -> 0 | X32: =SUMIFS('R DATA BNPL'!$G:$G,'R DATA BNPL'!$E:$E,B32,'R DATA BNPL'!$F:$F,'REKAP PERFORMANCE'!$X$6) -> 0 | Y32: =SUMIFS('R DATA BNPL'!$H:$H,'R DATA BNPL'!$E:$E,DAILY[[#This Row],[Date]],'R DATA BNPL'!$F:$F,'REKAP PERFORMANCE'!$X$6) -> 0 | Z32: =SUMIFS('R DATA BNPL'!$G:$G,'R DATA BNPL'!$E:$E,B32,'R DATA BNPL'!$F:$F,'REKAP PERFORMANCE'!$Z$6) -> 0 | AA32: =SUMIFS('R DATA BNPL'!$H:$H,'R DATA BNPL'!$E:$E,DAILY[[#This Row],[Date]],'R DATA BNPL'!$F:$F,'REKAP PERFORMANCE'!$Z$6) -> 0 | AB32: =X32+Z32 -> 0 | AC32: =Y32+AA32 -> 0 | AD32: =SUMIFS('R DATA BNPL'!$G:$G,'R DATA BNPL'!$E:$E,B32,'R DATA BNPL'!$F:$F,'REKAP PERFORMANCE'!$AD$6) -> 0 | AE32: =SUMIFS('R DATA BNPL'!$H:$H,'R DATA BNPL'!$E:$E,DAILY[[#This Row],[Date]],'R DATA BNPL'!$F:$F,'REKAP PERFORMANCE'!$AD$6) -> 0 | AH32: =SUMIFS('R DATA BNPL'!$G:$G,'R DATA BNPL'!$E:$E,B32,'R DATA BNPL'!$F:$F,'REKAP PERFORMANCE'!$AH$6) -> 0 | AI32: =SUMIFS('R DATA BNPL'!$G:$G,'R DATA BNPL'!$E:$E,B32,'R DATA BNPL'!$F:$F,'REKAP PERFORMANCE'!$AI$6) -> 0 | AJ32: =SUMIFS('R DATA BNPL'!$G:$G,'R DATA BNPL'!$E:$E,B32,'R DATA BNPL'!$F:$F,'REKAP PERFORMANCE'!$AJ$6) -> 0
A33: =TEXT(B33,"[$-us]dddd") -> Minggu | B33: =IF(MONTH(B32+1)=$A$4,B32+1) -> 46292 | D33: =SUMIFS('R DATA BNPL'!$G:$G,'R DATA BNPL'!$E:$E,B33,'R DATA BNPL'!$F:$F,'REKAP PERFORMANCE'!$D$6) -> 0 | E33: =SUMIFS('R DATA BNPL'!$H:$H,'R DATA BNPL'!$E:$E,DAILY[[#This Row],[Date]],'R DATA BNPL'!$F:$F,'REKAP PERFORMANCE'!$D$6) -> 0 | F33: =SUMIFS('R DATA BNPL'!$G:$G,'R DATA BNPL'!$E:$E,B33,'R DATA BNPL'!$F:$F,'REKAP PERFORMANCE'!$F$6) -> 0 | G33: =SUMIFS('R DATA BNPL'!$H:$H,'R DATA BNPL'!$E:$E,DAILY[[#This Row],[Date]],'R DATA BNPL'!$F:$F,'REKAP PERFORMANCE'!$F$6) -> 0 | H33: =SUMIFS('R DATA BNPL'!$G:$G,'R DATA BNPL'!$E:$E,B33,'R DATA BNPL'!$F:$F,'REKAP PERFORMANCE'!$H$6) -> 0 | I33: =SUMIFS('R DATA BNPL'!$H:$H,'R DATA BNPL'!$E:$E,DAILY[[#This Row],[Date]],'R DATA BNPL'!$F:$F,'REKAP PERFORMANCE'!$H$6) -> 0 | J33: =D33+F33+H33 -> 0 | K33: =E33+G33+I33 -> 0 | L33: =SUMIFS('R DATA BNPL'!$G:$G,'R DATA BNPL'!$E:$E,B33,'R DATA BNPL'!$F:$F,'REKAP PERFORMANCE'!$L$6) -> 0 | M33: =SUMIFS('R DATA BNPL'!$H:$H,'R DATA BNPL'!$E:$E,DAILY[[#This Row],[Date]],'R DATA BNPL'!$F:$F,'REKAP PERFORMANCE'!$L$6) -> 0 | N33: =SUMIFS('R DATA BNPL'!$G:$G,'R DATA BNPL'!$E:$E,B33,'R DATA BNPL'!$F:$F,'REKAP PERFORMANCE'!$N$6) -> 0 | O33: =SUMIFS('R DATA BNPL'!$H:$H,'R DATA BNPL'!$E:$E,DAILY[[#This Row],[Date]],'R DATA BNPL'!$F:$F,'REKAP PERFORMANCE'!$N$6) -> 0 | P33: =L33+N33 -> 0 | Q33: =M33+O33 -> 0 | R33: =SUMIFS('R DATA BNPL'!$G:$G,'R DATA BNPL'!$E:$E,B33,'R DATA BNPL'!$F:$F,'REKAP PERFORMANCE'!$R$6) -> 0 | S33: =SUMIFS('R DATA BNPL'!$H:$H,'R DATA BNPL'!$E:$E,DAILY[[#This Row],[Date]],'R DATA BNPL'!$F:$F,'REKAP PERFORMANCE'!$R$6) -> 0 | T33: =SUMIFS('R DATA BNPL'!$G:$G,'R DATA BNPL'!$E:$E,B33,'R DATA BNPL'!$F:$F,'REKAP PERFORMANCE'!$T$6) -> 0 | U33: =SUMIFS('R DATA BNPL'!$H:$H,'R DATA BNPL'!$E:$E,DAILY[[#This Row],[Date]],'R DATA BNPL'!$F:$F,'REKAP PERFORMANCE'!$T$6) -> 0 | V33: =R33+T33 -> 0 | W33: =S33+U33 -> 0 | X33: =SUMIFS('R DATA BNPL'!$G:$G,'R DATA BNPL'!$E:$E,B33,'R DATA BNPL'!$F:$F,'REKAP PERFORMANCE'!$X$6) -> 0 | Y33: =SUMIFS('R DATA BNPL'!$H:$H,'R DATA BNPL'!$E:$E,DAILY[[#This Row],[Date]],'R DATA BNPL'!$F:$F,'REKAP PERFORMANCE'!$X$6) -> 0 | Z33: =SUMIFS('R DATA BNPL'!$G:$G,'R DATA BNPL'!$E:$E,B33,'R DATA BNPL'!$F:$F,'REKAP PERFORMANCE'!$Z$6) -> 0 | AA33: =SUMIFS('R DATA BNPL'!$H:$H,'R DATA BNPL'!$E:$E,DAILY[[#This Row],[Date]],'R DATA BNPL'!$F:$F,'REKAP PERFORMANCE'!$Z$6) -> 0 | AB33: =X33+Z33 -> 0 | AC33: =Y33+AA33 -> 0 | AD33: =SUMIFS('R DATA BNPL'!$G:$G,'R DATA BNPL'!$E:$E,B33,'R DATA BNPL'!$F:$F,'REKAP PERFORMANCE'!$AD$6) -> 0 | AE33: =SUMIFS('R DATA BNPL'!$H:$H,'R DATA BNPL'!$E:$E,DAILY[[#This Row],[Date]],'R DATA BNPL'!$F:$F,'REKAP PERFORMANCE'!$AD$6) -> 0 | AH33: =SUMIFS('R DATA BNPL'!$G:$G,'R DATA BNPL'!$E:$E,B33,'R DATA BNPL'!$F:$F,'REKAP PERFORMANCE'!$AH$6) -> 0 | AI33: =SUMIFS('R DATA BNPL'!$G:$G,'R DATA BNPL'!$E:$E,B33,'R DATA BNPL'!$F:$F,'REKAP PERFORMANCE'!$AI$6) -> 0 | AJ33: =SUMIFS('R DATA BNPL'!$G:$G,'R DATA BNPL'!$E:$E,B33,'R DATA BNPL'!$F:$F,'REKAP PERFORMANCE'!$AJ$6) -> 0
A34: =TEXT(B34,"[$-us]dddd") -> Senin | B34: =IF(MONTH(B33+1)=$A$4,B33+1) -> 46293 | D34: =SUMIFS('R DATA BNPL'!$G:$G,'R DATA BNPL'!$E:$E,B34,'R DATA BNPL'!$F:$F,'REKAP PERFORMANCE'!$D$6) -> 0 | E34: =SUMIFS('R DATA BNPL'!$H:$H,'R DATA BNPL'!$E:$E,DAILY[[#This Row],[Date]],'R DATA BNPL'!$F:$F,'REKAP PERFORMANCE'!$D$6) -> 0 | F34: =SUMIFS('R DATA BNPL'!$G:$G,'R DATA BNPL'!$E:$E,B34,'R DATA BNPL'!$F:$F,'REKAP PERFORMANCE'!$F$6) -> 0 | G34: =SUMIFS('R DATA BNPL'!$H:$H,'R DATA BNPL'!$E:$E,DAILY[[#This Row],[Date]],'R DATA BNPL'!$F:$F,'REKAP PERFORMANCE'!$F$6) -> 0 | H34: =SUMIFS('R DATA BNPL'!$G:$G,'R DATA BNPL'!$E:$E,B34,'R DATA BNPL'!$F:$F,'REKAP PERFORMANCE'!$H$6) -> 0 | I34: =SUMIFS('R DATA BNPL'!$H:$H,'R DATA BNPL'!$E:$E,DAILY[[#This Row],[Date]],'R DATA BNPL'!$F:$F,'REKAP PERFORMANCE'!$H$6) -> 0 | J34: =D34+F34+H34 -> 0 | K34: =E34+G34+I34 -> 0 | L34: =SUMIFS('R DATA BNPL'!$G:$G,'R DATA BNPL'!$E:$E,B34,'R DATA BNPL'!$F:$F,'REKAP PERFORMANCE'!$L$6) -> 0 | M34: =SUMIFS('R DATA BNPL'!$H:$H,'R DATA BNPL'!$E:$E,DAILY[[#This Row],[Date]],'R DATA BNPL'!$F:$F,'REKAP PERFORMANCE'!$L$6) -> 0 | N34: =SUMIFS('R DATA BNPL'!$G:$G,'R DATA BNPL'!$E:$E,B34,'R DATA BNPL'!$F:$F,'REKAP PERFORMANCE'!$N$6) -> 0 | O34: =SUMIFS('R DATA BNPL'!$H:$H,'R DATA BNPL'!$E:$E,DAILY[[#This Row],[Date]],'R DATA BNPL'!$F:$F,'REKAP PERFORMANCE'!$N$6) -> 0 | P34: =L34+N34 -> 0 | Q34: =M34+O34 -> 0 | R34: =SUMIFS('R DATA BNPL'!$G:$G,'R DATA BNPL'!$E:$E,B34,'R DATA BNPL'!$F:$F,'REKAP PERFORMANCE'!$R$6) -> 0 | S34: =SUMIFS('R DATA BNPL'!$H:$H,'R DATA BNPL'!$E:$E,DAILY[[#This Row],[Date]],'R DATA BNPL'!$F:$F,'REKAP PERFORMANCE'!$R$6) -> 0 | T34: =SUMIFS('R DATA BNPL'!$G:$G,'R DATA BNPL'!$E:$E,B34,'R DATA BNPL'!$F:$F,'REKAP PERFORMANCE'!$T$6) -> 0 | U34: =SUMIFS('R DATA BNPL'!$H:$H,'R DATA BNPL'!$E:$E,DAILY[[#This Row],[Date]],'R DATA BNPL'!$F:$F,'REKAP PERFORMANCE'!$T$6) -> 0 | V34: =R34+T34 -> 0 | W34: =S34+U34 -> 0 | X34: =SUMIFS('R DATA BNPL'!$G:$G,'R DATA BNPL'!$E:$E,B34,'R DATA BNPL'!$F:$F,'REKAP PERFORMANCE'!$X$6) -> 0 | Y34: =SUMIFS('R DATA BNPL'!$H:$H,'R DATA BNPL'!$E:$E,DAILY[[#This Row],[Date]],'R DATA BNPL'!$F:$F,'REKAP PERFORMANCE'!$X$6) -> 0 | Z34: =SUMIFS('R DATA BNPL'!$G:$G,'R DATA BNPL'!$E:$E,B34,'R DATA BNPL'!$F:$F,'REKAP PERFORMANCE'!$Z$6) -> 0 | AA34: =SUMIFS('R DATA BNPL'!$H:$H,'R DATA BNPL'!$E:$E,DAILY[[#This Row],[Date]],'R DATA BNPL'!$F:$F,'REKAP PERFORMANCE'!$Z$6) -> 0 | AB34: =X34+Z34 -> 0 | AC34: =Y34+AA34 -> 0 | AD34: =SUMIFS('R DATA BNPL'!$G:$G,'R DATA BNPL'!$E:$E,B34,'R DATA BNPL'!$F:$F,'REKAP PERFORMANCE'!$AD$6) -> 0 | AE34: =SUMIFS('R DATA BNPL'!$H:$H,'R DATA BNPL'!$E:$E,DAILY[[#This Row],[Date]],'R DATA BNPL'!$F:$F,'REKAP PERFORMANCE'!$AD$6) -> 0 | AH34: =SUMIFS('R DATA BNPL'!$G:$G,'R DATA BNPL'!$E:$E,B34,'R DATA BNPL'!$F:$F,'REKAP PERFORMANCE'!$AH$6) -> 0 | AI34: =SUMIFS('R DATA BNPL'!$G:$G,'R DATA BNPL'!$E:$E,B34,'R DATA BNPL'!$F:$F,'REKAP PERFORMANCE'!$AI$6) -> 0 | AJ34: =SUMIFS('R DATA BNPL'!$G:$G,'R DATA BNPL'!$E:$E,B34,'R DATA BNPL'!$F:$F,'REKAP PERFORMANCE'!$AJ$6) -> 0
A35: =TEXT(B35,"[$-us]dddd") -> Selasa | B35: =IF(MONTH(B34+1)=$A$4,B34+1) -> 46294 | D35: =SUMIFS('R DATA BNPL'!$G:$G,'R DATA BNPL'!$E:$E,B35,'R DATA BNPL'!$F:$F,'REKAP PERFORMANCE'!$D$6) -> 0 | E35: =SUMIFS('R DATA BNPL'!$H:$H,'R DATA BNPL'!$E:$E,DAILY[[#This Row],[Date]],'R DATA BNPL'!$F:$F,'REKAP PERFORMANCE'!$D$6) -> 0 | F35: =SUMIFS('R DATA BNPL'!$G:$G,'R DATA BNPL'!$E:$E,B35,'R DATA BNPL'!$F:$F,'REKAP PERFORMANCE'!$F$6) -> 0 | G35: =SUMIFS('R DATA BNPL'!$H:$H,'R DATA BNPL'!$E:$E,DAILY[[#This Row],[Date]],'R DATA BNPL'!$F:$F,'REKAP PERFORMANCE'!$F$6) -> 0 | H35: =SUMIFS('R DATA BNPL'!$G:$G,'R DATA BNPL'!$E:$E,B35,'R DATA BNPL'!$F:$F,'REKAP PERFORMANCE'!$H$6) -> 0 | I35: =SUMIFS('R DATA BNPL'!$H:$H,'R DATA BNPL'!$E:$E,DAILY[[#This Row],[Date]],'R DATA BNPL'!$F:$F,'REKAP PERFORMANCE'!$H$6) -> 0 | J35: =D35+F35+H35 -> 0 | K35: =E35+G35+I35 -> 0 | L35: =SUMIFS('R DATA BNPL'!$G:$G,'R DATA BNPL'!$E:$E,B35,'R DATA BNPL'!$F:$F,'REKAP PERFORMANCE'!$L$6) -> 0 | M35: =SUMIFS('R DATA BNPL'!$H:$H,'R DATA BNPL'!$E:$E,DAILY[[#This Row],[Date]],'R DATA BNPL'!$F:$F,'REKAP PERFORMANCE'!$L$6) -> 0 | N35: =SUMIFS('R DATA BNPL'!$G:$G,'R DATA BNPL'!$E:$E,B35,'R DATA BNPL'!$F:$F,'REKAP PERFORMANCE'!$N$6) -> 0 | O35: =SUMIFS('R DATA BNPL'!$H:$H,'R DATA BNPL'!$E:$E,DAILY[[#This Row],[Date]],'R DATA BNPL'!$F:$F,'REKAP PERFORMANCE'!$N$6) -> 0 | P35: =L35+N35 -> 0 | Q35: =M35+O35 -> 0 | R35: =SUMIFS('R DATA BNPL'!$G:$G,'R DATA BNPL'!$E:$E,B35,'R DATA BNPL'!$F:$F,'REKAP PERFORMANCE'!$R$6) -> 0 | S35: =SUMIFS('R DATA BNPL'!$H:$H,'R DATA BNPL'!$E:$E,DAILY[[#This Row],[Date]],'R DATA BNPL'!$F:$F,'REKAP PERFORMANCE'!$R$6) -> 0 | T35: =SUMIFS('R DATA BNPL'!$G:$G,'R DATA BNPL'!$E:$E,B35,'R DATA BNPL'!$F:$F,'REKAP PERFORMANCE'!$T$6) -> 0 | U35: =SUMIFS('R DATA BNPL'!$H:$H,'R DATA BNPL'!$E:$E,DAILY[[#This Row],[Date]],'R DATA BNPL'!$F:$F,'REKAP PERFORMANCE'!$T$6) -> 0 | V35: =R35+T35 -> 0 | W35: =S35+U35 -> 0 | X35: =SUMIFS('R DATA BNPL'!$G:$G,'R DATA BNPL'!$E:$E,B35,'R DATA BNPL'!$F:$F,'REKAP PERFORMANCE'!$X$6) -> 0 | Y35: =SUMIFS('R DATA BNPL'!$H:$H,'R DATA BNPL'!$E:$E,DAILY[[#This Row],[Date]],'R DATA BNPL'!$F:$F,'REKAP PERFORMANCE'!$X$6) -> 0 | Z35: =SUMIFS('R DATA BNPL'!$G:$G,'R DATA BNPL'!$E:$E,B35,'R DATA BNPL'!$F:$F,'REKAP PERFORMANCE'!$Z$6) -> 0 | AA35: =SUMIFS('R DATA BNPL'!$H:$H,'R DATA BNPL'!$E:$E,DAILY[[#This Row],[Date]],'R DATA BNPL'!$F:$F,'REKAP PERFORMANCE'!$Z$6) -> 0 | AB35: =X35+Z35 -> 0 | AC35: =Y35+AA35 -> 0 | AD35: =SUMIFS('R DATA BNPL'!$G:$G,'R DATA BNPL'!$E:$E,B35,'R DATA BNPL'!$F:$F,'REKAP PERFORMANCE'!$AD$6) -> 0 | AE35: =SUMIFS('R DATA BNPL'!$H:$H,'R DATA BNPL'!$E:$E,DAILY[[#This Row],[Date]],'R DATA BNPL'!$F:$F,'REKAP PERFORMANCE'!$AD$6) -> 0 | AH35: =SUMIFS('R DATA BNPL'!$G:$G,'R DATA BNPL'!$E:$E,B35,'R DATA BNPL'!$F:$F,'REKAP PERFORMANCE'!$AH$6) -> 0 | AI35: =SUMIFS('R DATA BNPL'!$G:$G,'R DATA BNPL'!$E:$E,B35,'R DATA BNPL'!$F:$F,'REKAP PERFORMANCE'!$AI$6) -> 0 | AJ35: =SUMIFS('R DATA BNPL'!$G:$G,'R DATA BNPL'!$E:$E,B35,'R DATA BNPL'!$F:$F,'REKAP PERFORMANCE'!$AJ$6) -> 0
A36: =TEXT(B36,"[$-us]dddd") -> Rabu | B36: =IF(MONTH(B35+1)=$A$4,B35+1) -> 46295 | D36: =SUMIFS('R DATA BNPL'!$G:$G,'R DATA BNPL'!$E:$E,B36,'R DATA BNPL'!$F:$F,'REKAP PERFORMANCE'!$D$6) -> 0 | E36: =SUMIFS('R DATA BNPL'!$H:$H,'R DATA BNPL'!$E:$E,DAILY[[#This Row],[Date]],'R DATA BNPL'!$F:$F,'REKAP PERFORMANCE'!$D$6) -> 0 | F36: =SUMIFS('R DATA BNPL'!$G:$G,'R DATA BNPL'!$E:$E,B36,'R DATA BNPL'!$F:$F,'REKAP PERFORMANCE'!$F$6) -> 0 | G36: =SUMIFS('R DATA BNPL'!$H:$H,'R DATA BNPL'!$E:$E,DAILY[[#This Row],[Date]],'R DATA BNPL'!$F:$F,'REKAP PERFORMANCE'!$F$6) -> 0 | H36: =SUMIFS('R DATA BNPL'!$G:$G,'R DATA BNPL'!$E:$E,B36,'R DATA BNPL'!$F:$F,'REKAP PERFORMANCE'!$H$6) -> 0 | I36: =SUMIFS('R DATA BNPL'!$H:$H,'R DATA BNPL'!$E:$E,DAILY[[#This Row],[Date]],'R DATA BNPL'!$F:$F,'REKAP PERFORMANCE'!$H$6) -> 0 | J36: =D36+F36+H36 -> 0 | K36: =E36+G36+I36 -> 0 | L36: =SUMIFS('R DATA BNPL'!$G:$G,'R DATA BNPL'!$E:$E,B36,'R DATA BNPL'!$F:$F,'REKAP PERFORMANCE'!$L$6) -> 0 | M36: =SUMIFS('R DATA BNPL'!$H:$H,'R DATA BNPL'!$E:$E,DAILY[[#This Row],[Date]],'R DATA BNPL'!$F:$F,'REKAP PERFORMANCE'!$L$6) -> 0 | N36: =SUMIFS('R DATA BNPL'!$G:$G,'R DATA BNPL'!$E:$E,B36,'R DATA BNPL'!$F:$F,'REKAP PERFORMANCE'!$N$6) -> 0 | O36: =SUMIFS('R DATA BNPL'!$H:$H,'R DATA BNPL'!$E:$E,DAILY[[#This Row],[Date]],'R DATA BNPL'!$F:$F,'REKAP PERFORMANCE'!$N$6) -> 0 | P36: =L36+N36 -> 0 | Q36: =M36+O36 -> 0 | R36: =SUMIFS('R DATA BNPL'!$G:$G,'R DATA BNPL'!$E:$E,B36,'R DATA BNPL'!$F:$F,'REKAP PERFORMANCE'!$R$6) -> 0 | S36: =SUMIFS('R DATA BNPL'!$H:$H,'R DATA BNPL'!$E:$E,DAILY[[#This Row],[Date]],'R DATA BNPL'!$F:$F,'REKAP PERFORMANCE'!$R$6) -> 0 | T36: =SUMIFS('R DATA BNPL'!$G:$G,'R DATA BNPL'!$E:$E,B36,'R DATA BNPL'!$F:$F,'REKAP PERFORMANCE'!$T$6) -> 0 | U36: =SUMIFS('R DATA BNPL'!$H:$H,'R DATA BNPL'!$E:$E,DAILY[[#This Row],[Date]],'R DATA BNPL'!$F:$F,'REKAP PERFORMANCE'!$T$6) -> 0 | V36: =R36+T36 -> 0 | W36: =S36+U36 -> 0 | X36: =SUMIFS('R DATA BNPL'!$G:$G,'R DATA BNPL'!$E:$E,B36,'R DATA BNPL'!$F:$F,'REKAP PERFORMANCE'!$X$6) -> 0 | Y36: =SUMIFS('R DATA BNPL'!$H:$H,'R DATA BNPL'!$E:$E,DAILY[[#This Row],[Date]],'R DATA BNPL'!$F:$F,'REKAP PERFORMANCE'!$X$6) -> 0 | Z36: =SUMIFS('R DATA BNPL'!$G:$G,'R DATA BNPL'!$E:$E,B36,'R DATA BNPL'!$F:$F,'REKAP PERFORMANCE'!$Z$6) -> 0 | AA36: =SUMIFS('R DATA BNPL'!$H:$H,'R DATA BNPL'!$E:$E,DAILY[[#This Row],[Date]],'R DATA BNPL'!$F:$F,'REKAP PERFORMANCE'!$Z$6) -> 0 | AB36: =X36+Z36 -> 0 | AC36: =Y36+AA36 -> 0 | AD36: =SUMIFS('R DATA BNPL'!$G:$G,'R DATA BNPL'!$E:$E,B36,'R DATA BNPL'!$F:$F,'REKAP PERFORMANCE'!$AD$6) -> 0 | AE36: =SUMIFS('R DATA BNPL'!$H:$H,'R DATA BNPL'!$E:$E,DAILY[[#This Row],[Date]],'R DATA BNPL'!$F:$F,'REKAP PERFORMANCE'!$AD$6) -> 0 | AH36: =SUMIFS('R DATA BNPL'!$G:$G,'R DATA BNPL'!$E:$E,B36,'R DATA BNPL'!$F:$F,'REKAP PERFORMANCE'!$AH$6) -> 0 | AI36: =SUMIFS('R DATA BNPL'!$G:$G,'R DATA BNPL'!$E:$E,B36,'R DATA BNPL'!$F:$F,'REKAP PERFORMANCE'!$AI$6) -> 0 | AJ36: =SUMIFS('R DATA BNPL'!$G:$G,'R DATA BNPL'!$E:$E,B36,'R DATA BNPL'!$F:$F,'REKAP PERFORMANCE'!$AJ$6) -> 0
A37: =TEXT(B37,"[$-us]dddd") -> FALSE | B37: =IF(MONTH(B36+1)=$A$4,B36+1) -> FALSE | D37: =SUMIFS('R DATA BNPL'!$G:$G,'R DATA BNPL'!$E:$E,B37,'R DATA BNPL'!$F:$F,'REKAP PERFORMANCE'!$D$6) -> 0 | E37: =SUMIFS('R DATA BNPL'!$H:$H,'R DATA BNPL'!$E:$E,DAILY[[#This Row],[Date]],'R DATA BNPL'!$F:$F,'REKAP PERFORMANCE'!$D$6) -> 0 | F37: =SUMIFS('R DATA BNPL'!$G:$G,'R DATA BNPL'!$E:$E,B37,'R DATA BNPL'!$F:$F,'REKAP PERFORMANCE'!$F$6) -> 0 | G37: =SUMIFS('R DATA BNPL'!$H:$H,'R DATA BNPL'!$E:$E,DAILY[[#This Row],[Date]],'R DATA BNPL'!$F:$F,'REKAP PERFORMANCE'!$F$6) -> 0 | H37: =SUMIFS('R DATA BNPL'!$G:$G,'R DATA BNPL'!$E:$E,B37,'R DATA BNPL'!$F:$F,'REKAP PERFORMANCE'!$H$6) -> 0 | I37: =SUMIFS('R DATA BNPL'!$H:$H,'R DATA BNPL'!$E:$E,DAILY[[#This Row],[Date]],'R DATA BNPL'!$F:$F,'REKAP PERFORMANCE'!$H$6) -> 0 | J37: =D37+F37+H37 -> 0 | K37: =E37+G37+I37 -> 0 | L37: =SUMIFS('R DATA BNPL'!$G:$G,'R DATA BNPL'!$E:$E,B37,'R DATA BNPL'!$F:$F,'REKAP PERFORMANCE'!$L$6) -> 0 | M37: =SUMIFS('R DATA BNPL'!$H:$H,'R DATA BNPL'!$E:$E,DAILY[[#This Row],[Date]],'R DATA BNPL'!$F:$F,'REKAP PERFORMANCE'!$L$6) -> 0 | N37: =SUMIFS('R DATA BNPL'!$G:$G,'R DATA BNPL'!$E:$E,B37,'R DATA BNPL'!$F:$F,'REKAP PERFORMANCE'!$N$6) -> 0 | O37: =SUMIFS('R DATA BNPL'!$H:$H,'R DATA BNPL'!$E:$E,DAILY[[#This Row],[Date]],'R DATA BNPL'!$F:$F,'REKAP PERFORMANCE'!$N$6) -> 0 | P37: =L37+N37 -> 0 | Q37: =M37+O37 -> 0 | R37: =SUMIFS('R DATA BNPL'!$G:$G,'R DATA BNPL'!$E:$E,B37,'R DATA BNPL'!$F:$F,'REKAP PERFORMANCE'!$R$6) -> 0 | S37: =SUMIFS('R DATA BNPL'!$H:$H,'R DATA BNPL'!$E:$E,DAILY[[#This Row],[Date]],'R DATA BNPL'!$F:$F,'REKAP PERFORMANCE'!$R$6) -> 0 | T37: =SUMIFS('R DATA BNPL'!$G:$G,'R DATA BNPL'!$E:$E,B37,'R DATA BNPL'!$F:$F,'REKAP PERFORMANCE'!$T$6) -> 0 | U37: =SUMIFS('R DATA BNPL'!$H:$H,'R DATA BNPL'!$E:$E,DAILY[[#This Row],[Date]],'R DATA BNPL'!$F:$F,'REKAP PERFORMANCE'!$T$6) -> 0 | V37: =R37+T37 -> 0 | W37: =S37+U37 -> 0 | X37: =SUMIFS('R DATA BNPL'!$G:$G,'R DATA BNPL'!$E:$E,B37,'R DATA BNPL'!$F:$F,'REKAP PERFORMANCE'!$X$6) -> 0 | Y37: =SUMIFS('R DATA BNPL'!$H:$H,'R DATA BNPL'!$E:$E,DAILY[[#This Row],[Date]],'R DATA BNPL'!$F:$F,'REKAP PERFORMANCE'!$X$6) -> 0 | Z37: =SUMIFS('R DATA BNPL'!$G:$G,'R DATA BNPL'!$E:$E,B37,'R DATA BNPL'!$F:$F,'REKAP PERFORMANCE'!$Z$6) -> 0 | AA37: =SUMIFS('R DATA BNPL'!$H:$H,'R DATA BNPL'!$E:$E,DAILY[[#This Row],[Date]],'R DATA BNPL'!$F:$F,'REKAP PERFORMANCE'!$Z$6) -> 0 | AB37: =X37+Z37 -> 0 | AC37: =Y37+AA37 -> 0 | AD37: =SUMIFS('R DATA BNPL'!$G:$G,'R DATA BNPL'!$E:$E,B37,'R DATA BNPL'!$F:$F,'REKAP PERFORMANCE'!$AD$6) -> 0 | AE37: =SUMIFS('R DATA BNPL'!$H:$H,'R DATA BNPL'!$E:$E,DAILY[[#This Row],[Date]],'R DATA BNPL'!$F:$F,'REKAP PERFORMANCE'!$AD$6) -> 0 | AH37: =SUMIFS('R DATA BNPL'!$G:$G,'R DATA BNPL'!$E:$E,B37,'R DATA BNPL'!$F:$F,'REKAP PERFORMANCE'!$AH$6) -> 0 | AI37: =SUMIFS('R DATA BNPL'!$G:$G,'R DATA BNPL'!$E:$E,B37,'R DATA BNPL'!$F:$F,'REKAP PERFORMANCE'!$AI$6) -> 0 | AJ37: =SUMIFS('R DATA BNPL'!$G:$G,'R DATA BNPL'!$E:$E,B37,'R DATA BNPL'!$F:$F,'REKAP PERFORMANCE'!$AJ$6) -> 0
A38: =TEXT(B38,"[$-us]dddd") -> FALSE | B38: =IF(MONTH(B37+1)=$A$4,B37+1) -> FALSE | J38: =SUM(J7:J37) -> 537327140 | K38: =SUM(K7:K37) -> 32 | P38: =SUM(P7:P37) -> 0 | Q38: =SUM(Q7:Q37) -> 0

Sheet R DATA BNPL
A1: ID | B1: Start time | C1: Completion time | D1: TYPE BNPL | E1: Date Sales | F1: Promotor Name | G1: Amount | H1: Qty | I1: Tier Laku 6
A2: 1 | B2: 46155.859 | C2: 46155.862 | D2: Kredivo | E2: 46143 | F2: Elsa | G2: 1498134 | I2: =IF(OR(Table1[[#This Row],[Amount]]="", ISBLANK(Table1[[#This Row],[Amount]])), "", IFERROR(LOOKUP(Table1[[#This Row],[Amount]], {0;2500000;2500001;5000001}, {"Tier 0";"Tier 1";"Tier 2";"Tier 3"}), "")) -> Tier 0
A3: 13 | B3: 46159.738 | C3: 46159.738 | D3: Kredivo | E3: 46143 | F3: Elsa | G3: 14981340 | I3: =IF(OR(Table1[[#This Row],[Amount]]="", ISBLANK(Table1[[#This Row],[Amount]])), "", IFERROR(LOOKUP(Table1[[#This Row],[Amount]], {0;2500000;2500001;5000001}, {"Tier 0";"Tier 1";"Tier 2";"Tier 3"}), "")) -> Tier 3
A4: 58 | B4: 46197.564 | C4: 46197.564 | D4: Kredivo | E4: 46143 | F4: Hairul | G4: 14400000 | I4: =IF(OR(Table1[[#This Row],[Amount]]="", ISBLANK(Table1[[#This Row],[Amount]])), "", IFERROR(LOOKUP(Table1[[#This Row],[Amount]], {0;2500000;2500001;5000001}, {"Tier 0";"Tier 1";"Tier 2";"Tier 3"}), "")) -> Tier 3
A5: 61 | B5: 46197.566 | C5: 46197.567 | D5: Kredivo | E5: 46143 | F5: Elsa | G5: 12726000 | I5: =IF(OR(Table1[[#This Row],[Amount]]="", ISBLANK(Table1[[#This Row],[Amount]])), "", IFERROR(LOOKUP(Table1[[#This Row],[Amount]], {0;2500000;2500001;5000001}, {"Tier 0";"Tier 1";"Tier 2";"Tier 3"}), "")) -> Tier 3
A6: 2 | B6: 46155.862 | C6: 46155.863 | D6: Kredivo | E6: 46144 | F6: Elsa | G6: 7878 | I6: =IF(OR(Table1[[#This Row],[Amount]]="", ISBLANK(Table1[[#This Row],[Amount]])), "", IFERROR(LOOKUP(Table1[[#This Row],[Amount]], {0;2500000;2500001;5000001}, {"Tier 0";"Tier 1";"Tier 2";"Tier 3"}), "")) -> Tier 0
A7: 14 | B7: 46159.738 | C7: 46159.739 | D7: Kredivo | E7: 46144 | F7: Elsa | G7: 7878000 | I7: =IF(OR(Table1[[#This Row],[Amount]]="", ISBLANK(Table1[[#This Row],[Amount]])), "", IFERROR(LOOKUP(Table1[[#This Row],[Amount]], {0;2500000;2500001;5000001}, {"Tier 0";"Tier 1";"Tier 2";"Tier 3"}), "")) -> Tier 3
A8: 62 | B8: 46197.567 | C8: 46197.567 | D8: Kredivo | E8: 46144 | F8: Elsa | G8: 7878000 | I8: =IF(OR(Table1[[#This Row],[Amount]]="", ISBLANK(Table1[[#This Row],[Amount]])), "", IFERROR(LOOKUP(Table1[[#This Row],[Amount]], {0;2500000;2500001;5000001}, {"Tier 0";"Tier 1";"Tier 2";"Tier 3"}), "")) -> Tier 3
A9: 3 | B9: 46155.863 | C9: 46155.865 | D9: Kredivo | E9: 46145 | F9: Elsa | G9: 1271782 | I9: =IF(OR(Table1[[#This Row],[Amount]]="", ISBLANK(Table1[[#This Row],[Amount]])), "", IFERROR(LOOKUP(Table1[[#This Row],[Amount]], {0;2500000;2500001;5000001}, {"Tier 0";"Tier 1";"Tier 2";"Tier 3"}), "")) -> Tier 0
A10: 9 | B10: 46159.724 | C10: 46159.725 | D10: Kredivo | E10: 46145 | F10: Ainun | G10: 28420390 | I10: =IF(OR(Table1[[#This Row],[Amount]]="", ISBLANK(Table1[[#This Row],[Amount]])), "", IFERROR(LOOKUP(Table1[[#This Row],[Amount]], {0;2500000;2500001;5000001}, {"Tier 0";"Tier 1";"Tier 2";"Tier 3"}), "")) -> Tier 3
A11: 10 | B11: 46159.726 | C11: 46159.726 | D11: Kredivo | E11: 46145 | F11: Ainun | G11: 18749640 | I11: =IF(OR(Table1[[#This Row],[Amount]]="", ISBLANK(Table1[[#This Row],[Amount]])), "", IFERROR(LOOKUP(Table1[[#This Row],[Amount]], {0;2500000;2500001;5000001}, {"Tier 0";"Tier 1";"Tier 2";"Tier 3"}), "")) -> Tier 3
A12: 15 | B12: 46159.739 | C12: 46159.74 | D12: Kredivo | E12: 46145 | F12: Elsa | G12: 11899820 | I12: =IF(OR(Table1[[#This Row],[Amount]]="", ISBLANK(Table1[[#This Row],[Amount]])), "", IFERROR(LOOKUP(Table1[[#This Row],[Amount]], {0;2500000;2500001;5000001}, {"Tier 0";"Tier 1";"Tier 2";"Tier 3"}), "")) -> Tier 3
A13: 64 | B13: 46197.567 | C13: 46197.568 | D13: Kredivo | E13: 46145 | F13: Elsa | G13: 11899000 | I13: =IF(OR(Table1[[#This Row],[Amount]]="", ISBLANK(Table1[[#This Row],[Amount]])), "", IFERROR(LOOKUP(Table1[[#This Row],[Amount]], {0;2500000;2500001;5000001}, {"Tier 0";"Tier 1";"Tier 2";"Tier 3"}), "")) -> Tier 3
... A122: 125 | B122: 46234.92 | C122: 46234.92 | D122: Akulaku | E122: 46233 | F122: M268 AKL | G122: 14439000 | I122: =IF(OR(Table1[[#This Row],[Amount]]="", ISBLANK(Table1[[#This Row],[Amount]])), "", IFERROR(LOOKUP(Table1[[#This Row],[Amount]], {0;2500000;2500001;5000001}, {"Tier 0";"Tier 1";"Tier 2";"Tier 3"}), "")) -> Tier 3
A123: 126 | B123: 46235.895 | C123: 46235.895 | D123: Kredivo | E123: 46235 | F123: M268 KRE | G123: 12500000 | H123: 1 | I123: =IF(OR(Table1[[#This Row],[Amount]]="", ISBLANK(Table1[[#This Row],[Amount]])), "", IFERROR(LOOKUP(Table1[[#This Row],[Amount]], {0;2500000;2500001;5000001}, {"Tier 0";"Tier 1";"Tier 2";"Tier 3"}), "")) -> Tier 3
A124: 127 | B124: 46235.903 | C124: 46235.904 | D124: Akulaku | E124: 46235 | F124: M268 AKL | G124: 18888000 | H124: 1 | I124: =IF(OR(Table1[[#This Row],[Amount]]="", ISBLANK(Table1[[#This Row],[Amount]])), "", IFERROR(LOOKUP(Table1[[#This Row],[Amount]], {0;2500000;2500001;5000001}, {"Tier 0";"Tier 1";"Tier 2";"Tier 3"}), "")) -> Tier 3
A125: 129 | B125: 46237.791 | C125: 46237.792 | D125: Kredivo | E125: 46235 | F125: Tika | G125: 16463000 | H125: 1 | I125: =IF(OR(Table1[[#This Row],[Amount]]="", ISBLANK(Table1[[#This Row],[Amount]])), "", IFERROR(LOOKUP(Table1[[#This Row],[Amount]], {0;2500000;2500001;5000001}, {"Tier 0";"Tier 1";"Tier 2";"Tier 3"}), "")) -> Tier 3
A126: 139 | B126: 46245.556 | C126: 46245.557 | D126: Kredivo | E126: 46235 | F126: Tika | G126: 16300000 | H126: 1 | I126: =IF(OR(Table1[[#This Row],[Amount]]="", ISBLANK(Table1[[#This Row],[Amount]])), "", IFERROR(LOOKUP(Table1[[#This Row],[Amount]], {0;2500000;2500001;5000001}, {"Tier 0";"Tier 1";"Tier 2";"Tier 3"}), "")) -> Tier 3
A127: 141 | B127: 46245.569 | C127: 46245.569 | D127: Shopeepay Later | E127: 46236 | F127: M268 SPY | G127: 16314000 | H127: 1 | I127: =IF(OR(Table1[[#This Row],[Amount]]="", ISBLANK(Table1[[#This Row],[Amount]])), "", IFERROR(LOOKUP(Table1[[#This Row],[Amount]], {0;2500000;2500001;5000001}, {"Tier 0";"Tier 1";"Tier 2";"Tier 3"}), "")) -> Tier 3
A128: 128 | B128: 46237.791 | C128: 46237.791 | D128: Kredivo | E128: 46237 | F128: Tika | G128: 14564000 | H128: 1 | I128: =IF(OR(Table1[[#This Row],[Amount]]="", ISBLANK(Table1[[#This Row],[Amount]])), "", IFERROR(LOOKUP(Table1[[#This Row],[Amount]], {0;2500000;2500001;5000001}, {"Tier 0";"Tier 1";"Tier 2";"Tier 3"}), "")) -> Tier 3
A129: 130 | B129: 46237.892 | C129: 46237.893 | D129: Shopeepay Later | E129: 46237 | F129: M268 SPY | G129: 16314000 | H129: 1 | I129: =IF(OR(Table1[[#This Row],[Amount]]="", ISBLANK(Table1[[#This Row],[Amount]])), "", IFERROR(LOOKUP(Table1[[#This Row],[Amount]], {0;2500000;2500001;5000001}, {"Tier 0";"Tier 1";"Tier 2";"Tier 3"}), "")) -> Tier 3
A130: 131 | B130: 46238.429 | C130: 46238.43 | D130: Kredivo | E130: 46237 | F130: M268 KRE | G130: 16498000 | H130: 1 | I130: =IF(OR(Table1[[#This Row],[Amount]]="", ISBLANK(Table1[[#This Row],[Amount]])), "", IFERROR(LOOKUP(Table1[[#This Row],[Amount]], {0;2500000;2500001;5000001}, {"Tier 0";"Tier 1";"Tier 2";"Tier 3"}), "")) -> Tier 3
A131: 132 | B131: 46238.759 | C131: 46238.759 | D131: Akulaku | E131: 46238 | F131: M268 AKL | G131: 16314000 | H131: 1 | I131: =IF(OR(Table1[[#This Row],[Amount]]="", ISBLANK(Table1[[#This Row],[Amount]])), "", IFERROR(LOOKUP(Table1[[#This Row],[Amount]], {0;2500000;2500001;5000001}, {"Tier 0";"Tier 1";"Tier 2";"Tier 3"}), "")) -> Tier 3
A132: 133 | B132: 46239.46 | C132: 46239.461 | D132: Akulaku | E132: 46238 | F132: M268 AKL | G132: 15768000 | H132: 1 | I132: =IF(OR(Table1[[#This Row],[Amount]]="", ISBLANK(Table1[[#This Row],[Amount]])), "", IFERROR(LOOKUP(Table1[[#This Row],[Amount]], {0;2500000;2500001;5000001}, {"Tier 0";"Tier 1";"Tier 2";"Tier 3"}), "")) -> Tier 3
A133: 134 | B133: 46239.461 | C133: 46239.461 | D133: Shopeepay Later | E133: 46238 | F133: M268 SPY | G133: 18939000 | H133: 1 | I133: =IF(OR(Table1[[#This Row],[Amount]]="", ISBLANK(Table1[[#This Row],[Amount]])), "", IFERROR(LOOKUP(Table1[[#This Row],[Amount]], {0;2500000;2500001;5000001}, {"Tier 0";"Tier 1";"Tier 2";"Tier 3"}), "")) -> Tier 3
A134: 136 | B134: 46239.884 | C134: 46239.885 | D134: Kredivo | E134: 46239 | F134: Tika | G134: 13685500 | H134: 1 | I134: =IF(OR(Table1[[#This Row],[Amount]]="", ISBLANK(Table1[[#This Row],[Amount]])), "", IFERROR(LOOKUP(Table1[[#This Row],[Amount]], {0;2500000;2500001;5000001}, {"Tier 0";"Tier 1";"Tier 2";"Tier 3"}), "")) -> Tier 3
... A225: 229 | B225: 46287.655 | C225: 46287.655 | D225: Kredivo | E225: 46287 | F225: Apri | G225: 14594500 | H225: 1 | I225: =IF(OR(Table1[[#This Row],[Amount]]="", ISBLANK(Table1[[#This Row],[Amount]])), "", IFERROR(LOOKUP(Table1[[#This Row],[Amount]], {0;2500000;2500001;5000001}, {"Tier 0";"Tier 1";"Tier 2";"Tier 3"}), "")) -> Tier 3
